quiz_id,question_id,question,choice_a,choice_b,choice_c,choice_d,correct,topic
aptitude-questions-answers-probability,1,Which of the following options is correct with respect to the probability of an event A?,a) P(A) > 1,b) P(A) < 0,c) 0 ≤ P(A) ≤ 1,d) P(A) = – 1,c,Probability
aptitude-questions-answers-probability,2,Which of the following options is incorrect with respect to an event A?,a) P (A) + P (,b) 0 ≤ P (A) ≤ 1,c) P(ɸ) = 0,d) P(A) > 1,d,Probability
aptitude-questions-answers-probability,3,What are the events called which can never occur together according to the probability theory?,a) Collectively exclusive events,b) Mutually exclusive events,c) Mutually exhaustive events,d) Collectively exhaustive events,b,Probability
aptitude-questions-answers-probability,4,What is the term used for all possible outcomes for a random experiment?,a) Event space,b) Sample space,c) Marginal space,d) Exclusive space,a,Probability
aptitude-questions-answers-probability,5,Which of the following terms explains the probability of an event irrespective of the outcome of another variable?,a) Cumulative probability,b) Conditional probability,c) Marginal probability,d) Individual probability,c,Probability
aptitude-questions-answers-probability,6,What will be the marginal probability of dependent and independent events?,a) Zero,b) One,c) Different,d) Same,d,Probability
aptitude-questions-answers-probability,7,What is the probability of non – occurrence of an event Q?,a) Complement of Q,b) Union of Q,c) Intersection of Q,d) Q > 1,a,Probability
aptitude-questions-answers-probability,8,What will be the joint probability of two independent events M and N?,a) P(M) + P(N),b) P(M) * P(N) + P(M * N),c) P(M) * P(N),d) P(M) + P(N) – P(M * N),c,Probability
aptitude-questions-answers-probability,9,Which of the following is a condition for binomial distribution in probability?,a) Must have at least 4 trials,b) Only two possible outcomes,c) Trials must be dependent,d) More two possible outcomes,b,Probability
aptitude-questions-answers-probability,10,In which of the following events the rule of addition of probability is used?,a) Mutually exclusive events,b) Dependent events,c) Empirical events,d) Exhaustive events,a,Probability
aptitude-questions-answers-probability-set-2,1,What is the probability that a number selected at random from 1 to 15 is a multiple of 3?,a) 2 / 5,b) 3 / 5,c) 1 / 3,d) 2 / 3,c,Probability – Set 2
aptitude-questions-answers-probability-set-2,2,"If the probability of an event is Q, then what will be the probability of its complementary event?",a) 1 – P,b) P – 1,c) 1 – 1 / P,d) P,a,Probability – Set 2
aptitude-questions-answers-probability-set-2,3,What is the probability of having 53 Tuesdays in a non – leap year?,a) 5 / 7,b) 1 / 7,c) 2 / 7,d) 3 / 7,b,Probability – Set 2
aptitude-questions-answers-probability-set-2,4,Hundred balls are numbered from 1 to 100. What is the probability of getting a ball having a prime number?,a) 1 / 4,b) 3 / 4,c) 2 / 3,d) 1 / 5,a,Probability – Set 2
aptitude-questions-answers-probability-set-2,5,"A bag contains 10 red cards and some yellow cards. If the probability of getting yellow cards is thrice the probability of getting a red card, then what is the number of yellow cards?",a) 25,b) 20,c) 30,d) 15,c,Probability – Set 2
aptitude-questions-answers-probability-set-2,6,A box contains 1000 pens of which 25 are defective. What is the probability of drawing a defective pen from the box?,a) 1 / 8,b) 1 / 12,c) 1 / 4,d) 1 / 40,d,Probability – Set 2
aptitude-questions-answers-probability-set-2,7,"Cards marked with numbers 1 to 100 are placed in a box. One card is drawn from this box randomly, then what is the probability that the number on the card is a perfect square?",a) 1 / 10,b) 1 / 20,c) 1 / 15,d) 1 / 5,a,Probability – Set 2
aptitude-questions-answers-probability-set-2,8,"A number is selected at random from the first fifty natural numbers. What is the probability that the number is divisible by 2, 3 and 4?",a) 4 / 25,b) 1 / 25,c) 2 / 25,d) 3 / 25,c,Probability – Set 2
aptitude-questions-answers-probability-set-2,9,"A jar has 48 marbles of which few are black and others are red. If the probability of getting a black marble is \(\frac {3}{4}\), then what will be the number of red marbles?",a) 10,b) 12,c) 14,d) 15,b,Probability – Set 2
aptitude-questions-answers-probability-set-2,10,What is the probability of getting 53 Wednesdays in a leap year?,a) 2 / 7,b) 1 / 7,c) 3 / 7,d) 4 / 7,a,Probability – Set 2
aptitude-questions-answers-probability-set-3,1,What is the sum of the probability of an event and its complementary event occurring together?,a) 0,b) 1 / 2,c) 1,d) 1 / 4,c,Probability – Set 3
aptitude-questions-answers-probability-set-3,2,In which type of events the rule of multiplication of probability is applicable?,a) Independent,b) Dependent,c) Empirical,d) Exhaustive,a,Probability – Set 3
aptitude-questions-answers-probability-set-3,3,Which of the following is not an example of discrete probability distribution?,a) The number of persons in a room,b) The weight of a person,c) The number of rooms in a house,d) Is it going to rain tonight,b,Probability – Set 3
aptitude-questions-answers-probability-set-3,4,Which of the following is a correct option regarding the Poisson distribution?,a) The probability of success is always less than 8,b) It always contains a contingency table,c) The number of trials is always less than 10,d) Mean and variance of the distribution are equal,d,Probability – Set 3
aptitude-questions-answers-probability-set-3,5,Which of the following is not a condition of the binomial distribution?,a) Must have at least 4 trials,b) Only 2 possible outcomes,c) Have a constant probability of success,d) Trials must be independent,a,Probability – Set 3
aptitude-questions-answers-probability-set-3,6,"The probability of an event occurring is 0.39, then what will be the probability of this event not occurring?",a) 0.2,b) 0.6,c) 0.61,d) 1.6,c,Probability – Set 3
aptitude-questions-answers-probability-set-3,7,What are the total number of outcomes when five coins are tossed together?,a) 56,b) 64,c) 32,d) 16,c,Probability – Set 3
aptitude-questions-answers-probability-set-3,8,Which of the following terms relates to the sum total of all the outcomes in probability?,a) Exhaustive event,b) Empirical event,c) Independent event,d) Dependent event,a,Probability – Set 3
aptitude-questions-answers-probability-set-4,1,A bag contains 3 white balls and 2 black balls. What will be the probability of drawing a red ball when drawn at random?,a) 2/5,b) 1/5,c) 0/5,d) 3/5,c,Probability – Set 4
aptitude-questions-answers-probability-set-4,2,"The probability that tomorrow will be a sunny day is 0.68, then what is the probability that tomorrow will not be a sunny day?",a) 0.32,b) 0.64,c) 0.44,d) 0.56,a,Probability – Set 4
aptitude-questions-answers-probability-set-4,3,What are the total number of outcomes when three coins are tossed together?,a) 4,b) 8,c) 16,d) 12,b,Probability – Set 4
aptitude-questions-answers-probability-set-4,4,What is the sum of the probability of an event and non-event?,a) 1,b) 0,c) 1/2,d) 2,a,Probability – Set 4
aptitude-questions-answers-probability-set-4,5,An alphabet is chosen at random from the word “MATHEMATICS”. What is the probability of it being a vowel?,a) 7/11,b) 6/11,c) 4/11,d) 5/11,c,Probability – Set 4
aptitude-questions-answers-probability-set-4,6,What is the probability of getting a number that is divisible by 5 from 1 to 15?,a) 4/5,b) 3/5,c) 2/5,d) 1/5,d,Probability – Set 4
aptitude-questions-answers-probability-set-4,7,The following probabilities are given with respect to an event. Which of the following is wrong?,a) 8/5,b) 3/5,c) 4/5,d) 1/5,a,Probability – Set 4
aptitude-questions-answers-probability-set-4,8,What are the total number of outcomes when 5 dices are rolled together?,a) 6578,b) 5674,c) 7776,d) 7543,c,Probability – Set 4
aptitude-questions-answers-probability-set-4,9,"A bag contains 10 black balls, 5 red balls and 5 white balls. What is the probability of getting either a red or a white ball?",a) \(\frac {1}{4}\),b) \(\frac {1}{2}\),c) \(\frac {3}{4}\),d) 1,b,Probability – Set 4
aptitude-questions-answers-probability-set-4,10,A dice is rolled. What is the probability that we get a number divisible by 3?,a) 1/3,b) 1/4,c) 2/3,d) 3/4,a,Probability – Set 4
aptitude-questions-answers-probability-coins,1,Which of the following is a classic example of binomial distribution of probability?,a) Pack of cards,b) Throw a dice,c) Toss a coin,d) Number of students in class,c,Coins
aptitude-questions-answers-probability-coins,2,"When you toss a coin twice, what is the probability of getting a head in both the attempts?",a) 1 / 4,b) 1,c) 0,d) 1 / 2,a,Coins
aptitude-questions-answers-probability-coins,3,When you toss a coin what is the probability of not getting a head?,a) 1,b) 1 / 2,c) 2,d) 0,b,Coins
aptitude-questions-answers-probability-coins,4,When you toss a coin twice what is the probability of getting a tail in both the attempts?,a) 1 / 2,b) 1,c) 0,d) 1 / 4,d,Coins
aptitude-questions-answers-probability-coins,5,Two unbiased coins are tossed. What are the total number of outcomes?,a) 1,b) 2,c) 4,d) 6,c,Coins
aptitude-questions-answers-probability-coins,6,Two coins are tossed simultaneously. What is the probability of getting only one head after taking all the possibilities into consideration?,a) 1,b) 1 / 2,c) 3 / 4,d) 0,b,Coins
aptitude-questions-answers-probability-coins,7,Two unbiased coins are tossed. What is the probability of getting no less than 1 head after taking all the possibilities into consideration?,a) 0,b) 1,c) \(\frac {1}{2}\),d) 3 / 4,d,Coins
aptitude-questions-answers-probability-coins,8,Two unbiased coins are tossed. What is the probability of getting only one tail after taking all the possibilities into consideration?,a) \(\frac {1}{2}\),b) 0,c) \(\frac {3}{4}\),d) \(\frac {1}{4}\),a,Coins
aptitude-questions-answers-probability-coins,9,Two unbiased coins are tossed. What is the probability of getting two tail?,a) \(\frac {3}{4}\),b) \(\frac {1}{2}\),c) \(\frac {1}{4}\),d) 1,c,Coins
aptitude-questions-answers-probability-coins,10,Which of the following options is incorrect when one coin is tossed?,a) P(H) = \(\frac {1}{2}\),b) P(T) = \(\frac {1}{2}\),c) P(H) + P(T) = 1,d) P(H) * P(T) = 1,d,Coins
aptitude-questions-answers-probability-coins-set-2,1,Three unbiased coins are tossed. What are the total number of outcomes possible?,a) 16,b) 10,c) 8,d) 4,c,Coins – Set 2
aptitude-questions-answers-probability-coins-set-2,2,What is the correct expression for finding the total number of outcomes when n coins are tossed at a time?,a) 2,b) n,c) n,d) 2,a,Coins – Set 2
aptitude-questions-answers-probability-coins-set-2,3,Three unbiased coins are tossed. What is the probability of getting only one H?,a) 1/4,b) 3/8,c) 5/8,d) 1/2,b,Coins – Set 2
aptitude-questions-answers-probability-coins-set-2,4,Three unbiased coins are tossed. What is the probability of getting at most one H?,a) 1/2,b) 1/4,c) 5/8,d) 3/8,a,Coins – Set 2
aptitude-questions-answers-probability-coins-set-2,5,Three unbiased coins are tossed. What is the probability of getting at most two tail?,a) 1/8,b) 5/8,c) 7/8,d) 3/8,c,Coins – Set 2
aptitude-questions-answers-probability-coins-set-2,6,Three unbiased coins are tossed. What is the probability of getting three tail?,a) 7/8,b) 5/8,c) 3/8,d) 1/8,d,Coins – Set 2
aptitude-questions-answers-probability-coins-set-2,7,Three unbiased coins are tossed. What is the probability of getting minimum two head?,a) 1/2,b) 3/4,c) 1/8,d) 7/8,a,Coins – Set 2
aptitude-questions-answers-probability-coins-set-2,8,Three unbiased coins are tossed. What is the probability of getting same event in all the three throws?,a) 1/2,b) 1/8,c) 1/4,d) 3/8,c,Coins – Set 2
aptitude-questions-answers-probability-coins-set-2,9,Ten unbiased coins are tossed. What are the total number of outcomes possible?,a) 1004,b) 1024,c) 1086,d) 1056,b,Coins – Set 2
aptitude-questions-answers-probability-coins-set-2,10,Three unbiased coins are tossed. What is the probability of getting complement of having a tail?,a) 3/4,b) 1/2,c) 3/8,d) 1/8,d,Coins – Set 2
aptitude-questions-answers-probability-dice,1,An unbiased dice is thrown. What are the total number of possible outcomes?,a) 18,b) 12,c) 6,d) 24,c,Dice
aptitude-questions-answers-probability-dice,2,An unbiased dice is thrown. What is the probability of getting 3?,a) 1 / 6,b) 1 / 3,c) 1 / 2,d) 2 / 3,a,Dice
aptitude-questions-answers-probability-dice,3,An unbiased dice is thrown. What is the probability of getting 8?,a) 1,b) 0,c) 1 / 2,d) 1 / 6,b,Dice
aptitude-questions-answers-probability-dice,4,An unbiased dice is thrown. What is the probability of getting a number greater than and equal to 3?,a) 2 / 3,b) 1 / 3,c) 1 / 6,d) 3 / 4,a,Dice
aptitude-questions-answers-probability-dice,5,An unbiased dice is thrown. What is the probability of getting a number less than 3?,a) 5 / 6,b) 2 / 3,c) 1 / 3,d) 1 / 6,c,Dice
aptitude-questions-answers-probability-dice,6,An unbiased dice is thrown. What is the probability of getting an odd number?,a) 2 / 3,b) 1 / 6,c) 1 / 3,d) 1 / 2,d,Dice
aptitude-questions-answers-probability-dice,7,An unbiased dice is thrown. What is the probability of getting 5 or a greater number?,a) 1 / 3,b) 1 / 3,c) 5 / 6,d) 2 / 3,a,Dice
aptitude-questions-answers-probability-dice,8,An unbiased dice is thrown. What is the probability of getting an even number greater than 3?,a) 4 / 6,b) 5 / 6,c) 2 / 6,d) 3 / 6,c,Dice
aptitude-questions-answers-probability-dice,9,An unbiased dice is thrown. What is the probability of getting an even number greater than 0?,a) 0,b) 1,c) 1 / 2,d) 6,c,Dice
aptitude-questions-answers-probability-dice,10,n dice are thrown simultaneously. What is the total number of possible outcomes?,a) 6,b) 6,c) n,d) 3n,a,Dice
aptitude-questions-answers-probability-dice-set-2,1,Two dice are thrown simultaneously. What will be the total number of possible outcomes?,a) 32,b) 30,c) 36,d) 28,c,Dice – Set 2
aptitude-questions-answers-probability-dice-set-2,2,Two dice are thrown simultaneously. What is the probability of getting equal digits in both the dice?,a) 1/12,b) 1/3,c) 1/6,d) 1/2,c,Dice – Set 2
aptitude-questions-answers-probability-dice-set-2,3,Two dice are thrown simultaneously. What is the probability of getting a number not divisible by two in both the dice?,a) 1/9,b) 1/4,c) 1/12,d) 1/3,b,Dice – Set 2
aptitude-questions-answers-probability-dice-set-2,4,Two dice are thrown simultaneously. What is the probability of getting a number greater than 4 in both the dice?,a) 1/9,b) 1/3,c) 1/2,d) 1/6,a,Dice – Set 2
aptitude-questions-answers-probability-dice-set-2,5,Two dice are thrown simultaneously. What is the probability of getting a prime number in both the dice?,a) 1/6,b) 1/12,c) 1/4,d) 1/3,c,Dice – Set 2
aptitude-questions-answers-probability-dice-set-2,6,Two dice are thrown simultaneously. What is the probability of getting a odd number greater than 4 in both the dice?,a) 7/8,b) 1/9,c) 2/15,d) 1/36,d,Dice – Set 2
aptitude-questions-answers-probability-dice-set-2,7,Two dice are thrown simultaneously. What is the probability of getting sum of both the numbers as 9?,a) 1/9,b) 1/12,c) 1/6,d) 5/6,a,Dice – Set 2
aptitude-questions-answers-probability-dice-set-2,8,Two dice are thrown simultaneously. What is the probability of getting difference of both the numbers as 4?,a) 1/12,b) 1/6,c) 1/9,d) 1/3,c,Dice – Set 2
aptitude-questions-answers-probability-dice-set-2,9,Two dice are thrown simultaneously. What is the probability of getting a number divisible by 2 on the first dice and a number divisible by 3 on the second dice simultaneously?,a) 1/6,b) 1/3,c) 1/4,d) 1/2,a,Dice – Set 2
aptitude-questions-answers-probability-dice-set-2,10,Three dice are thrown simultaneously. What are the total number of possible outcomes?,a) 216,b) 144,c) 256,d) 168,a,Dice – Set 2
aptitude-questions-answers-probability-cards,1,What is the probability of getting a club from a well shuffled deck of 52 cards?,a) 1 / 12,b) 1 / 3,c) 1 / 4,d) 1 / 2,c,Cards
aptitude-questions-answers-probability-cards,2,What will be the probability of getting a jack of the spade from a well shuffled deck of 52 cards?,a) 1 / 52,b) 4 / 52,c) 8 / 52,d) 12 / 52,a,Cards
aptitude-questions-answers-probability-cards,3,What will be the probability of getting a queen from a well shuffled deck of 52 cards?,a) 3 / 4,b) 1 / 13,c) 1 / 2,d) 2 / 13,b,Cards
aptitude-questions-answers-probability-cards,4,What will be the probability of getting a red card from a well shuffled deck of 52 cards?,a) 1 / 2,b) 1 / 4,c) 1 / 3,d) 1 / 13,a,Cards
aptitude-questions-answers-probability-cards,5,What is the probability of getting a face card from a well shuffled deck of 52 cards?,a) 2 / 13,b) 1 / 13,c) 3 / 13,d) 4 / 13,c,Cards
aptitude-questions-answers-probability-cards,6,What is the probability of getting a numbered card from a well shuffled deck of 52 cards?,a) 11 / 13,b) 2 / 13,c) 5 / 13,d) 9 / 13,d,Cards
aptitude-questions-answers-probability-cards,7,What is the probability of getting a black ace from a well shuffled deck of 52 cards?,a) 1 / 26,b) 1 / 13,c) 2 / 13,d) 3 / 26,a,Cards
aptitude-questions-answers-probability-cards,8,What is the probability of getting a number 8 from a well shuffled deck of 52 cards?,a) 6 / 13,b) 4 / 13,c) 1 / 13,d) 2 / 13,c,Cards
aptitude-questions-answers-probability-cards,9,What is the probability of getting a red numbered card greater than 6 from a well shuffled deck of 52 cards?,a) 4 / 13,b) 2 / 13,c) 5 / 13,d) 3 / 13,b,Cards
aptitude-questions-answers-probability-cards,10,What is the probability of getting a non – numbered card from a well shuffled standard deck?,a) 4 / 13,b) 6 / 13,c) 5 / 13,d) 3 / 13,a,Cards
aptitude-questions-answers-probability-cards-set-2,1,What is the probability of drawing two kings from a well shuffled pack of cards without replacement?,a) 5/663,b) 3/221,c) 1/221,d) 1/663,c,Cards – Set 2
aptitude-questions-answers-probability-cards-set-2,2,What is the probability of drawing two spades from a well shuffled pack of cards without replacement?,a) 1/17,b) 1/16,c) 2/17,d) 2/15,a,Cards – Set 2
aptitude-questions-answers-probability-cards-set-2,3,What is the probability of drawing one spade and one club from a well shuffled pack of cards without replacement?,a) 15/204,b) 13/204,c) 11/204,d) 9/204,b,Cards – Set 2
aptitude-questions-answers-probability-cards-set-2,4,What is the probability of drawing two numbered cards from a well shuffled pack of cards without replacement?,a) 105/221,b) 142/221,c) 90/221,d) 165/221,a,Cards – Set 2
aptitude-questions-answers-probability-cards-set-2,5,What is the probability of drawing two queens of diamond from a well shuffled pack of cards without replacement?,a) 1/4,b) 1,c) 0,d) 1/3,c,Cards – Set 2
aptitude-questions-answers-probability-cards-set-2,6,What is the probability of getting two ace cards from a well shuffled standard deck with replacement?,a) 8/169,b) 4/169,c) 16/169,d) 1/169,d,Cards – Set 2
aptitude-questions-answers-probability-cards-set-2,7,What is the probability of getting two heart cards from a well shuffled standard deck with replacement?,a) 1/16,b) 4/52,c) 8/52,d) 4/16,a,Cards – Set 2
aptitude-questions-answers-probability-cards-set-2,8,What is the probability of getting two numbered cards from a well shuffled standard deck with replacement?,a) 13/169,b) 9/169,c) 81/169,d) 18/169,c,Cards – Set 2
aptitude-questions-answers-probability-cards-set-2,9,What is the probability of getting two non-numbered cards from a well shuffled standard deck with replacement?,a) 4/169,b) 16/169,c) 4/13,d) 13/169,b,Cards – Set 2
aptitude-questions-answers-probability-cards-set-2,10,What is the probability of getting two black cards from a well shuffled standard deck with replacement?,a) 1/4,b) 1/8,c) 1/16,d) 1/13,a,Cards – Set 2
aptitude-questions-answers-height-distance,1,Which of the following options is correct with respect to sin A?,a) Hypotenuse / perpendicular,b) Base / hypotenuse,c) Perpendicular / hypotenuse,d) Hypotenuse / base,c,Height and Distance
aptitude-questions-answers-height-distance,2,"If sin x = 1 / 2, then what will be the value of x in degree?",a) 30,b) 60,c) 45,d) 37,a,Height and Distance
aptitude-questions-answers-height-distance,3,"Which of the following options is the correct relationship between a and b, if their measure add up to 90 degree?",a) Cos a = tan b,b) Sec a = cosec b,c) Sin a = tan b,d) Tan a = cos b,b,Height and Distance
aptitude-questions-answers-height-distance,4,"If triangle XYZ is right angled at Y, then the value of cos (X + Z) will be?",a) 0,b) 1 / 2,c) 1,d) 1 / 3,a,Height and Distance
aptitude-questions-answers-height-distance,5,What will be the value of sin (45 + A) – cos (45 – A)?,a) 1 / 3,b) 1 / 2,c) 0,d) 1,c,Height and Distance
aptitude-questions-answers-height-distance,6,"If 0 < X < 90, then what will be the value of sec A?",a) 0,b) 1,c) < 1,d) > 1,d,Height and Distance
aptitude-questions-answers-height-distance,7,"If sin (20 + X) = cos 30, then what will be the value of X?",a) 40,b) 20,c) 70,d) 50,a,Height and Distance
aptitude-questions-answers-height-distance,8,"If sin X = \(\frac {1}{2}\) and cos Y = 1 / √2, then what will be the value of (X + Y) in degree?",a) 80,b) 90,c) 75,d) 60,c,Height and Distance
aptitude-questions-answers-height-distance,9,"If the value of sin X = \(\frac {1}{2}\), then what will be the of cot X?",a) 1 / √2,b) √3,c) 1 / √3,d) 1 / 3,b,Height and Distance
aptitude-questions-answers-height-distance,10,Which of the following options are the correct pair of complementary angles?,"a) 37, 53","b) 65, 15","c) 60, 120","d) 45, 55",a,Height and Distance
aptitude-questions-answers-height-distance-set-2,1,"From a point Q on a level ground, the angle of elevation of the top tower is 53 degree. If the tower is 150 m high, then what is the base distance of point Q in m?",a) 200 m,b) 225 m,c) 112.5,d) 150 m,c,Height and Distance – Set 2
aptitude-questions-answers-height-distance-set-2,2,The angle of elevation of a ladder leaning against a wall 37 degree and the foot of the ladder is 5 m away from the wall. What is the length of the ladder?,a) 25 / 4 m,b) 25 / √3 m,c) 50√2 m,d) 50 / 4 m,a,Height and Distance – Set 2
aptitude-questions-answers-height-distance-set-2,3,An observer 1.5 m tall is 10√3 m away from the tower making an angle of elevation of 60 degree from his eyes. What is the height of the tower?,a) 60 m,b) 31.5 m,c) 30 m,d) 63 m,b,Height and Distance – Set 2
aptitude-questions-answers-height-distance-set-2,4,"What is the angle of elevation (in degree) of the sun, when the ratio of the length of the shadow of a tree to height of the tree is 3:4?",a) 37,b) 45,c) 53,d) 60,a,Height and Distance – Set 2
aptitude-questions-answers-height-distance-set-2,5,The angle of depression of a point situated at a distance of 50 m from the base of the pole is 45 degree. What will be the height of this pole?,a) 50 / √3 m,b) 25√3 m,c) 50 m,d) 25√2 m,c,Height and Distance – Set 2
aptitude-questions-answers-height-distance-set-2,6,"The angle of depression of a car, standing on the ground, from the top of a 100 m tower is 37 degree. What is the base distance (in m) of the car?",a) 200√3 m,b) 400 / √2 m,c) 300 / 4 m,d) 400 / 3 m,d,Height and Distance – Set 2
aptitude-questions-answers-height-distance-set-2,7,"The angle of depression of two ships from the top of a light house are 45 and 30 degree, sailing in the same direction. If the height of the light house is 150 m, then what will be the distance between the 2 ships?",a) 150 (√3 – 1) m,b) 150√3 / 2 m,c) 150√2 / 3 m,d) 150 (√2 – 1) m,a,Height and Distance – Set 2
aptitude-questions-answers-height-distance-set-2,8,"A skier took 60 s to travel down a snowy slope of vertical height 200 m. If the angle of depression is 45 degree, then what will be the speed of the skier in m / s?",a) 5.62 m / s,b) 5.32 m / s,c) 4.66 m / s,d) 4.02 m / s,c,Height and Distance – Set 2
aptitude-questions-answers-height-distance-set-2,9,"A ball is placed 50 m away from the wall of a pool. The angle of depression of the ball from the pool platform is 37 degree, then what will be the diagonal distance he will have to swim to get the ball?",a) 44.5m,b) 82.5 m,c) 62.5 m,d) 78.5 m,c,Height and Distance – Set 2
aptitude-questions-answers-height-distance-set-2,10,A straight tree is broken due to thunder storm. The broken part is bent in such a way that the peak touches the ground at an angle elevation of 45°. The peak of the tree touches the ground at a distance of 25 m. What will be the height of the tree?,a) 25(1 + √2) m,b) 20√3 m,c) 25 / √3 m,d) 22√2 m,a,Height and Distance – Set 2
aptitude-questions-answers-height-distance-set-3,1,What will be the value of (sin 60 + cos 60) – (sin 30 + cos 30)?,a) 1 / 2,b) √3 / 2,c) 0,d) 1,c,Height and Distance – Set 3
aptitude-questions-answers-height-distance-set-3,2,What will be the value of tan 60 / cot 60?,a) 3,b) 1 / 3,c) 1,d) 2√3,a,Height and Distance – Set 3
aptitude-questions-answers-height-distance-set-3,3,Which of the following is the correct option representing tan 2 A?,a) Sec,b) Sec,c) Cosec,d) Cot,b,Height and Distance – Set 3
aptitude-questions-answers-height-distance-set-3,4,"If A * cot 45 * cos 60 = sin 60 * tan 30, then what will be the value of A?",a) √3 / 2,b) 0,c) 1,d) 1 / √2,c,Height and Distance – Set 3
aptitude-questions-answers-height-distance-set-3,5,What will be the value of sin 2 30 – cos 2 30?,a) -2 / √3,b) -2 / 3,c) -√3 / 2,d) -1 / 2,d,Height and Distance – Set 3
aptitude-questions-answers-height-distance-set-3,6,"If X + Y = 90 and cos X = 1 / 2, then what will be the value of sin Y?",a) 1 / 2,b) 1 / √2,c) √3 / 2,d) 0,a,Height and Distance – Set 3
aptitude-questions-answers-height-distance-set-3,7,What will be the value of cos 2 X + sin 2 Y?,a) √3 / 2,b) 1 / 2,c) 1,d) √2,c,Height and Distance – Set 3
aptitude-questions-answers-height-distance-set-3,8,"If sec A = 2 / √3, then what will be the value of cos A?",a) 1 / 2,b) √3 / 2,c) 1 / √2,d) 2 / 3,b,Height and Distance – Set 3
aptitude-questions-answers-height-distance-set-3,9,Which of the following is a correct trigonometric identity?,a) 1 + tan,b) Tan,c) Cot,d) Cos,a,Height and Distance – Set 3
aptitude-questions-answers-height-distance-set-4,1,The angle of elevation of a ladder leaning against a wall is 60 degree and the foot of the ladder is 6 m away from the wall. What is the length of the ladder?,a) 16 m,b) 15 m,c) 12 m,d) 8 m,c,Height and Distance – Set 4
aptitude-questions-answers-height-distance-set-4,2,The shadow of a building is 8 m long when the sun is at an angle of elevation of 30 degree. What will be the height of the building?,a) 8 / √3 m,b) 6 / √3 m,c) 8√3 m,d) 12√3 m,a,Height and Distance – Set 4
aptitude-questions-answers-height-distance-set-4,3,"When the sun’s altitude changes from 30 to 60 degree, the length of the shadow of a pole decreases by 150 m. What is the original length of the shadow?",a) 150 m,b) 225 m,c) 275 m,d) 180 m,b,Height and Distance – Set 4
aptitude-questions-answers-height-distance-set-4,4,The angle of elevation of a cloud from a point 300 m above a lake is 30 degree and the angle of depression of its reflection in the lake is 60 degree. What will be the height of the cloud?,a) 300 m,b) 250 m,c) 200 m,d) 350 m,a,Height and Distance – Set 4
aptitude-questions-answers-height-distance-set-4,5,"The tops of two poles of height 40 m and 30 m are connected by a wire. If the wire makes an angle of 60 degree with the horizontal, then what will be the length of the wire used?",a) 20 / √3 m,b) 10√3 m,c) 20 m,d) 12 / √3 m,c,Height and Distance – Set 4
aptitude-questions-answers-height-distance-set-4,6,A straight tree is broken due to thunder storm. The broken part is bent in such a way that the peak touches the ground at an angle elevation of 53°. The peak of the tree touches the ground at a distance of 15 m. What will be the height of the tree?,a) 68.52 m,b) 55.76 m,c) 58.62 m,d) 64.58 m,d,Height and Distance – Set 4
aptitude-questions-answers-height-distance-set-4,7,A kite is flying at a vertical height of 300 m making an angle of depression of 60 degree. What will be the length of thread required in this case?,a) 600 / √3 m,b) 300√3 m,c) 1200 / √3 m,d) 600 / √2 m,a,Height and Distance – Set 4
aptitude-questions-answers-height-distance-set-4,8,A stone rolls down a slope having vertical height and base distance equal to 60 m. What will be the length of the slope?,a) 30√3 m,b) 120 / √3 m,c) 60√2 m,d) 60 / √2 m,c,Height and Distance – Set 4
aptitude-questions-answers-height-distance-set-4,9,"A bus took 60 seconds to drive down a slopy hill of height 600 m. If the angle of depression of the path is 30 degree, then what was the speed of the bus?",a) 20 m / s,b) 20 / √2 m / s,c) 10√2 m / s,d) 20 / 3 m / s,a,Height and Distance – Set 4
aptitude-questions-answers-height-distance-set-4,10,"If the height of a tower and the distance of the point of observation are both halved, then what will happen to the angle of depression?",a) Same,b) Increases,c) Decreases,d) No relation,a,Height and Distance – Set 4
aptitude-questions-answers-height-distance-angle-elevation,1,"If the length of the shadow of a building is increasing, then what will happen to the angle of elevation to the sun?",a) Reduces to zero,b) Increase,c) Decrease,d) Becomes double,c,Angle of Elevation
aptitude-questions-answers-height-distance-angle-elevation,2,"The angle of elevation of the top of a pole is 30 degree. If the height of the pole is doubled, then what will happen to the angle of elevation to its top?",a) < 60,b) Doubled,c) Halved,d) Same,a,Angle of Elevation
aptitude-questions-answers-height-distance-angle-elevation,3,"If the height of the tower and the base distance both are doubled, then what will happen to the elevation angle?",a) Doubled,b) Same,c) Halved,d) Four times,b,Angle of Elevation
aptitude-questions-answers-height-distance-angle-elevation,4,A 20 m ladder just reaches the top of a pole by making an angle of elevation of 30 degree. What will be the height of the pole?,a) 10 m,b) 15 m,c) 20 m,d) 25 m,a,Angle of Elevation
aptitude-questions-answers-height-distance-angle-elevation,5,"If at some time, the length of the shadow of a building is √3 times its height, then what will be the angle of elevation of the building in degree, at that time?",a) 37,b) 45,c) 30,d) 60,c,Angle of Elevation
aptitude-questions-answers-height-distance-angle-elevation,6,"If the height of a tower is 10 m and the angle a ladder that just touches its top makes with the base land is 45 degree, then what will be the base distance?",a) 10√3 m,b) 5 m,c) 20 m,d) 10 m,d,Angle of Elevation
aptitude-questions-answers-height-distance-angle-elevation,7,What will be the angle of elevation of the top of a 12 m high building at a point 12√3 m away from the base?,a) 30 degree,b) 60 degree,c) 45 degree,d) 53 degree,a,Angle of Elevation
aptitude-questions-answers-height-distance-angle-elevation,8,The angle of elevation of a ladder leaning against a wall is 60 degree and the foot of the ladder is 6 m away from the wall. What will be the length of the ladder?,a) 12 / √3 m,b) 6√3 m,c) 12 m,d) 12√3 m,c,Angle of Elevation
aptitude-questions-answers-height-distance-angle-elevation,9,The angles of elevation of the top of a tower from two points at distant of s and r m from its foot are complementary. What will be the height of this tower?,a) 2sr,b) √sr,c) sr / 2,d) 2sr / 3,b,Angle of Elevation
aptitude-questions-answers-height-distance-angle-elevation,10,"If the shadow of a tower is √3 times the height of the tower, then what is the sun’s altitude at this time in degree?",a) 30,b) 45,c) 60,d) 0,a,Angle of Elevation
aptitude-questions-answers-height-distance-angle-elevation-set-2,1,An observer 1.5 m tall is 23.5 m away from a tower 25 m high. What is the angle of elevation of the top of the tower from the eye of the observer?,a) 30 degree,b) 60 degree,c) 45 degree,d) 53 degree,c,Angle of Elevation – Set 2
aptitude-questions-answers-height-distance-angle-elevation-set-2,2,"If a tower is 12 m high casts a shadow 4√3 m long on the ground, then what will be the sun’s elevation angle in degree?",a) 60,b) 30,c) 45,d) 90,a,Angle of Elevation – Set 2
aptitude-questions-answers-height-distance-angle-elevation-set-2,3,A kite is flying at the height of 30√3 m from horizontal level. The length of the kite to the person is 60 m. What will be the angle of elevation of the kite?,a) 30 degree,b) 60 degree,c) 37 degree,d) 53 degree,b,Angle of Elevation – Set 2
aptitude-questions-answers-height-distance-angle-elevation-set-2,4,"At some time of the day, the length of the shadow of a tower is equal to its height, then what will be the angle of elevation of the sun?",a) 45 degree,b) 30 degree,c) 60 degree,d) 53 degree,a,Angle of Elevation – Set 2
aptitude-questions-answers-height-distance-angle-elevation-set-2,5,"The angle of elevation of the top of a tower 60 m high from the foot of another tower in the same plane is 30°, then what will be the distance between the two towers?",a) 20√3 m,b) 60 / √3 m,c) 60√3 m,d) 30 / √3 m,c,Angle of Elevation – Set 2
aptitude-questions-answers-height-distance-angle-elevation-set-2,6,"The angle of elevation of the top of a tower from point S is 30°. If the observer moves 10 meters towards the tower which is point T, the angle of elevation of the top increases by 15°. What will be the height of the tower?",a) 20 / (√3 – 1) m,b) 20√3 m,c) 10 / √3 m,d) 10 / (√3 – 1) m,d,Angle of Elevation – Set 2
aptitude-questions-answers-height-distance-angle-elevation-set-2,7,"If the height of a tower and the distance of the point of observation from its foot, both are increased by 35%, then what will happen to the angle of elevation?",a) Same,b) Increases,c) Decreases,d) No relation,a,Angle of Elevation – Set 2
aptitude-questions-answers-height-distance-angle-elevation-set-2,8,"The angle of elevation of the top of a tower from a point on the ground is A. After walking a distance d towards the foot of the tower, angle of elevation is found to be B, then which of the following options is correct with respect to A and B?",a) A = B,b) B < A,c) A < B,d) A = 2B,c,Angle of Elevation – Set 2
aptitude-questions-answers-height-distance-angle-elevation-set-2,9,"If the angle of elevation of the top of a tower is 60 degree from a distance of 50 m from the base of the tower, then what will be the height of the tower?",a) 100 / √3 m,b) 50√3 m,c) 50 / √3 m,d) 100√3 m,b,Angle of Elevation – Set 2
aptitude-questions-answers-height-distance-angle-elevation-set-2,10,"If the angle of elevation of a tower of height 40 m is 30 degree from a point P, then what is the distance of P from the base of the tower?",a) 40√3 m,b) 80 / √3 m,c) 40 / √3 m,d) 80√3 m,a,Angle of Elevation – Set 2
aptitude-questions-answers-height-distance-angle-depression,1,In which of the following cases angle of depression is formed?,a) Looking up,b) Looking out,c) Looking down,d) Line of sight,c,Angle of Depression
aptitude-questions-answers-height-distance-angle-depression,2,A person is standing at the top of a tower and looking down at an angle of depression of 60 degree at a distance of 30 m. What will be the height of this tower?,a) 30√3 m,b) 60 / √3 m,c) 60√3 m,d) 30 / √3 m,a,Angle of Depression
aptitude-questions-answers-height-distance-angle-depression,3,A light house is 65 m tall. The angle of depression from the top is 45 degrees at distance x m. What will be the value of x?,a) 65 / √3 m,b) 65 m,c) 65√3 m,d) 130 / √3 m,b,Angle of Depression
aptitude-questions-answers-height-distance-angle-depression,4,"If the height of a tower and the distance of the point of observation are both doubled, then what will happen to the angle of depression?",a) Same,b) Increases,c) Decreases,d) No relation,a,Angle of Depression
aptitude-questions-answers-height-distance-angle-depression,5,"If the height of a pole and the length of its shadow are equal, then what will be the value of its angle of depression?",a) 30 degree,b) 37 degree,c) 45 degree,d) 53 degree,c,Angle of Depression
aptitude-questions-answers-height-distance-angle-depression,6,"An object is placed 20 m away from the wall of a pool. The angle of depression of the object from the pool platform is 53 degree, then what will be the diagonal distance he will have to swim to get the object?",a) 200 / √3 m,b) 50√3 m,c) 100 / 3√3 m,d) 100 / 3 m,d,Angle of Depression
aptitude-questions-answers-height-distance-angle-depression,7,"A skier took 60 s to travel down a snowy slope of vertical height 400 m. If the angle of depression is 60 degree, then what will be the speed of the skier in m / s?",a) 7.84,b) 8.42,c) 6.89,d) 6.24,a,Angle of Depression
aptitude-questions-answers-height-distance-angle-depression,8,Which of the following options are correct?,a) Angle of elevation and angle of depression are always equal,b) Angle of elevation and angle of depression are never equal,c) Angle of elevation and angle of depression may or may not be equal,d) Angle of elevation and angle of depression are both obtuse angles,c,Angle of Depression
aptitude-questions-answers-height-distance-angle-depression,9,An airplane is flying at the height of 20 km above the ground. From there it makes an angle of depression of 37 degree to the landing spot. What will be the horizontal and diagonal distance (in km) between the plane and the landing spot?,"a) 80 / 3, 100 / 3","b) 100 / 3, 80 / 3","c) 100√3, 80 / √3","d) 80√3, 100 / √3",b,Angle of Depression
aptitude-questions-answers-height-distance-angle-depression,10,What will be the value of angle of depression when the object and the observer lie in the same line?,a) 0,b) 30,c) 45,d) 90,a,Angle of Depression
aptitude-questions-answers-height-distance-angle-depression-set-2,1,Which of the following options is wrong about angle of depression?,a) It can be an acute angle,b) It can be equal to the angle of elevation,c) It can be an obtuse angle,d) It is formed when someone looks down at something,c,Angle of Depression – Set 2
aptitude-questions-answers-height-distance-angle-depression-set-2,2,A bird flying at a height of 2000 m from the ground. It spots a worm at an angle of depression of 30 degree. What is the base distance (in m) of the worm?,a) 2000 / √3,b) 2000√3,c) 1000√3,d) 1000 / √3,b,Angle of Depression – Set 2
aptitude-questions-answers-height-distance-angle-depression-set-2,3,A kite is flying at a vertical height of 500 m making an angle of depression of 45 degree. What will be the length of thread required in this case?,a) 500√3 m,b) 500√2 m,c) 500 / √2 m,d) 500 m,b,Angle of Depression – Set 2
aptitude-questions-answers-height-distance-angle-depression-set-2,4,An airplane is flying at a certain height. It makes an angle of depression of 45 degree to the landing spot with horizontal distance between the two being 1100 m. What is the vertical height at which the plane is flying?,a) 1100 m,b) 1100√2 m,c) 1100 / √3 m,d) 1100√3 m,a,Angle of Depression – Set 2
aptitude-questions-answers-height-distance-angle-depression-set-2,5,Which of the following options correctly defines the angle from the horizontal downward to an object?,a) Angle of inclination,b) Line of sight,c) Angle of depression,d) Angle of elevation,c,Angle of Depression – Set 2
aptitude-questions-answers-height-distance-angle-depression-set-2,6,"A bus took 40 seconds to drive down a slopy hill of height 800 m. If the angle of depression of the path is 30 degree, then what was the speed of the bus?",a) 1600 / √3 m,b) 800√2 m,c) 800 m,d) 1600 m,d,Angle of Depression – Set 2
aptitude-questions-answers-height-distance-angle-depression-set-2,7,Which of the following options is correct when angle of elevation and angle of depression are measured between two parallel planes?,a) Angle of elevation = angle of depression,b) Angle of elevation < angle of depression,c) Angle of elevation > angle of depression,d) Angle of elevation and angle of depression have no relation,a,Angle of Depression – Set 2
aptitude-questions-answers-height-distance-angle-depression-set-2,8,A person is standing at the top of a tower and looking down at an angle of depression of 37 degree at a distance of 50 m. What will be the height of this tower?,a) 56 m,b) 75 m,c) 37.5 m,d) 47 m,c,Angle of Depression – Set 2
aptitude-questions-answers-height-distance-angle-depression-set-2,9,Which of the following values of angle of depression is not possible?,a) 91 degree,b) 78 degree,c) 83 degree,d) 56 degree,a,Angle of Depression – Set 2
aptitude-questions-answers-height-distance-angle-depression-set-2,10,A ball rolls down a slope having vertical height and base distance equal to 40 m. What will be the length of the slope?,a) 40 / √2 m,b) 20√2 m,c) 20 / √2 m,d) 40√2 m,d,Angle of Depression – Set 2
aptitude-questions-answers-height-distance-two-observers,1,"Two fishes are swimming in the sea on the two sides of a lighthouse. The angle of elevation of the top of the lighthouse from the two fishes is 30 degree and 45 degree. If the lighthouse is 200 m high, what is the distance between the two fishes?",a) 200√3 m,b) 400√3 m,c) 200 (1 + √3) m,d) 400 (1 + √3) m,c,Two Observers
aptitude-questions-answers-height-distance-two-observers,2,"Two ships X and Y are sailing away from a glacier in the same direction. If the height of the glacier is 1000 m and the angle of elevation made by the 2 ships are 45 and 30 degree respectively, then what is the distance between the two ships?",a) 500(√3 + 1) m,b) 1000(√3 – 1) m,c) 1000(√3 + 1) m,d) 500(√3 – 1) m,b,Two Observers
aptitude-questions-answers-height-distance-two-observers,3,Two ships are sailing in the sea on the two sides of a lighthouse. The angle of elevation of the top of the lighthouse from the two ships is 30 degree and 60 degree. What is the relationship between the distances of the 2 ships from the light house?,a) x = 3y,b) x = y√3,c) x / √3 = 3y,d) x / √3 = y / 2,a,Two Observers
aptitude-questions-answers-height-distance-two-observers,4,"When the sun’s altitude changes from 30to 60 degree, the length of the shadow of a pole decreases by 100 m. What is the original length of the shadow?",a) 175 m,b) 200 m,c) 150 m,d) 125 m,c,Two Observers
aptitude-questions-answers-height-distance-two-observers,5,"On the same side of a building, two objects are located. The angle of depression from the top of the building is 45 and 60 degree. If the height of the building is 250 m, what is the distance between the two objects?",a) 500(1 – 1 / √3) m,b) 250(1 – √3) m,c) 500(1 – √3) m,d) 250(1 – 1 / √3) m,d,Two Observers
aptitude-questions-answers-height-distance-two-observers,6,The angle of elevation of a cloud from a point 100 m above a lake is 30 degree and the angle of depression of its reflection in the lake is 60 degree. What will be the height of the cloud?,a) 150 m,b) 180 m,c) 100 m,d) 120 m,c,Two Observers
aptitude-questions-answers-height-distance-two-observers,7,The top of a 20 m high building makes an angle of elevation of 60 with the bottom of an electric pole and angle of elevation of 30 with the top of the pole. What is the height of the electric pole?,a) 40 / √3 m,b) 20√3 m,c) 40 / 3 m,d) 20 / 3 m,c,Two Observers
aptitude-questions-answers-height-distance-two-observers,8,"From the top of a pole, the angles of depression of two objects P and Q situated on the same side are 30 degree and 45 degree separated by a distance of 100 m. What will be the height of this pole?",a) 100 / (√3 – 1) m,b) 200√3 m,c) 200 (√3 + 1) m,d) 100 / √3 m,a,Two Observers
aptitude-questions-answers-height-distance-two-observers-set-2,1,"Two poles are x m apart and the height of one is double of the other. If from the mid – point between the two, an observer finds an elevation of their tops to be complementary, then what will be the height of the shorter pole?",a) x / √2 m,b) x√2 m,c) x / 2√2 m,d) x / 2√3 m,c,Two Observers – Set 2
aptitude-questions-answers-height-distance-two-observers-set-2,2,"If the angles of elevation of a pole from two points located in the same direction at distances of x and y (x > y) from its foot are 30 and 60 degree, then what will be the height of this pole?",a) √xy m,b) x√y m,c) √ (x + y),d) √ (x – y) m,a,Two Observers – Set 2
aptitude-questions-answers-height-distance-two-observers-set-2,3,From the top of a platform 40 m high the angle of depression and the angle of elevation of a building are found to be equal. What is the height of this building?,a) 76 m,b) 80 m,c) 85 m,d) 90 m,b,Two Observers – Set 2
aptitude-questions-answers-height-distance-two-observers-set-2,4,"It has been observed that on moving a distance of z m towards a house, the angle of elevation of its top changes from 30 to 60 degree, then what will be the height of the house?",a) z√3 / 2 m,b) z√2 / 3 m,c) z√3 m,d) 2z / √3 m,a,Two Observers – Set 2
aptitude-questions-answers-height-distance-two-observers-set-2,5,"The tops of two poles of height 30 m and 25 m are connected by a wire. If the wire makes an angle of 30 degree with the horizontal, then what will be the length of the wire used?",a) 15 m,b) 12 m,c) 10 m,d) 12√3 m,c,Two Observers – Set 2
aptitude-questions-answers-height-distance-two-observers-set-2,6,"The angle of elevation of the top of a lighthouse 100 m high, from two points on the ground on its opposite sides are 45 degree and 60 degree. What is the distance between these two points?",a) 200 / (1 + 1 / √3) m,b) 100 / (1 + 1 / √3) m,c) 200 (1 + 1 / √3) m,d) 100 (1 + 1 / √3) m,d,Two Observers – Set 2
aptitude-questions-answers-height-distance-two-observers-set-2,7,"Two fishes M and N are swimming away from a glacier in the same direction. If the height of the glacier is 800 m and the angle of elevation made by the 2 fishes are 45 and 30 degree respectively, then what is the distance between the two fishes?",a) 800 (√3 – 1) m,b) 800 / 2√3 m,c) 800 / (√3 – 1) m,d) 1600 / 2√3 m,a,Two Observers – Set 2
aptitude-questions-answers-height-distance-two-observers-set-2,8,"A building is surmounted by a vertical pole of height 20 m. From a point on the ground, the angle of elevation of the bottom and top of the pole are 30 and 60 degree respectively. What is the height of the building?",a) 10√3 m,b) 15 / √3 m,c) 10 m,d) 10 / √3 m,c,Two Observers – Set 2
aptitude-questions-answers-height-distance-two-observers-set-2,9,"If the length of a shadow cast by a pole is √3 times the length of the object, then what is the length of the object?",a) 53 degree,b) 60 degree,c) 30 degree,d) 37 degree,c,Two Observers – Set 2
aptitude-questions-answers-height-distance-two-observers-set-2,10,"From a point G on the ground, the angle of elevation of the top of the pole is 45 degree. It the pole is 450 m high, then what will be the distance between the foot of the pole and point G?",a) 450 m,b) 425 m,c) 400 m,d) 475 m,a,Two Observers – Set 2
