quiz_id,question_number,source_question_number,question_text,choice_a,choice_b,choice_c,choice_d,choice_e,choice_f,correct,topic,subtopic,question_word_count,quality_review_note,difficulty,difficulty_source,quiz_prior,question_type,difficulty_reason,wrong_rate,weighted_wrong_rate,n_students,difficulty_heuristic
data-mining-q1,1,2,What is the range of values possible for the cosine measure?,"[0,1]","[-1,1]","[0, infinity [","[-infinity , 0[",,,b,Data Mining - Quiz 1,introductory data mining concepts,11,,easy,real_submission_wrong_rate,easy,MULTIPLE_CHOICE,weighted_wrong_rate=0.031; raw_wrong_rate=0.026; n=117,0.02564102564102564,0.031417112299465234,117.0,easy
data-mining-q1,2,3,Is the cosine measure sensitive to scaling ?,Yes,No,,,,,b,Data Mining - Quiz 1,introductory data mining concepts,8,,easy,real_submission_wrong_rate,easy,MULTIPLE_CHOICE,weighted_wrong_rate=0.054; raw_wrong_rate=0.051; n=117,0.05128205128205128,0.05385790679908326,117.0,easy
data-mining-q1,3,4,Is the Euclidean distance sensitive to scaling ?,Yes,No,,,,,a,Data Mining - Quiz 1,introductory data mining concepts,8,,easy,real_submission_wrong_rate,easy,MULTIPLE_CHOICE,weighted_wrong_rate=0.009; raw_wrong_rate=0.009; n=117,0.008547008547008548,0.008880825057295644,117.0,easy
data-mining-q1,4,5,"If two objects have a cosine measure of 1, are they identical?",Yes,No,,,,,b,Data Mining - Quiz 1,introductory data mining concepts,12,,medium,real_submission_wrong_rate,easy,MULTIPLE_CHOICE,weighted_wrong_rate=0.357; raw_wrong_rate=0.368; n=117,0.36752136752136755,0.3569518716577539,117.0,easy
data-mining-q1,5,6,"To reduce the size of a daily time series, it is often preferable to:",Sample a weekly value,Use binning to reduce the number of data points.,Aggregate the values over the course of the week.,,,,c,Data Mining - Quiz 1,introductory data mining concepts,14,,easy,real_submission_wrong_rate,easy,MULTIPLE_CHOICE,weighted_wrong_rate=0.222; raw_wrong_rate=0.231; n=117,0.23076923076923078,0.22221161191749422,117.0,easy
data-mining-q1,6,7,Discrete variables cannot be ratio,True,False,,,,,b,Data Mining - Quiz 1,introductory data mining concepts,5,,easy,real_submission_wrong_rate,easy,MULTIPLE_CHOICE,weighted_wrong_rate=0.164; raw_wrong_rate=0.171; n=117,0.17094017094017094,0.16443850267379673,117.0,easy
data-mining-q1,7,8,What is the maximum value of Jaccard coefficient between two strings of 10 binary attributes?,1,0,0.5,2,,,a,Data Mining - Quiz 1,introductory data mining concepts,15,,easy,real_submission_wrong_rate,easy,MULTIPLE_CHOICE,weighted_wrong_rate=0.000; raw_wrong_rate=0.000; n=117,0.0,0.0,117.0,easy
data-mining-q1,8,9,What does it mean when two variables have a linear correlation coefficient equal to 0?,There is no linear correlation between the two variables.,There is no correlation between the two variables.,The two variables are nonlinearly correlated.,The two variables are linearly correlated.,,,a,Data Mining - Quiz 1,introductory data mining concepts,15,,easy,real_submission_wrong_rate,easy,MULTIPLE_CHOICE,weighted_wrong_rate=0.141; raw_wrong_rate=0.137; n=117,0.13675213675213677,0.14123376623376618,117.0,easy
data-mining-q1,9,10,What method is used to fill missing values in a DataFrame with a specific value in Pandas?,df.impute(value),df.nullify(value),df.replace_nulls(value),df.fillna(value),,,d,Data Mining - Quiz 1,introductory data mining concepts,17,,easy,real_submission_wrong_rate,easy,MULTIPLE_CHOICE,weighted_wrong_rate=0.000; raw_wrong_rate=0.000; n=117,0.0,0.0,117.0,easy
data-mining-q1,10,11,"Which Pandas method is used to calculate the mean, median, and other summary statistics ?",df.summarize(),df.statistics(),df.describe(),df.summarystats(),,,c,Data Mining - Quiz 1,introductory data mining concepts,15,,easy,real_submission_wrong_rate,easy,MULTIPLE_CHOICE,weighted_wrong_rate=0.000; raw_wrong_rate=0.000; n=117,0.0,0.0,117.0,easy
data-mining-q1,11,12,Which of the following functions can be used to create a NumPy array from a Python list?,numpy.array(),numpy.create_array(),numpy.from_list(),numpy.array_from_list(),,,a,Data Mining - Quiz 1,introductory data mining concepts,17,,easy,real_submission_wrong_rate,easy,MULTIPLE_CHOICE,weighted_wrong_rate=0.012; raw_wrong_rate=0.009; n=117,0.008547008547008548,0.011554621848739493,117.0,easy
data-mining-q1,12,13,What is the shape of a NumPy array?,The data type of the array,The size of the first dimension of the array,The number of elements in each dimension,The total number of elements in the array,,,c,Data Mining - Quiz 1,introductory data mining concepts,8,,easy,real_submission_wrong_rate,easy,MULTIPLE_CHOICE,weighted_wrong_rate=0.051; raw_wrong_rate=0.051; n=117,0.05128205128205128,0.0514705882352941,117.0,easy
data-mining-q1,13,19,An algorithm that finds relationships between items in a transactional database is used for:,Classification,Regression,Dimensionality Reduction,Clustering,Association Rules,Anomaly Detection,e,Data Mining - Quiz 1,introductory data mining concepts,14,,easy,real_submission_wrong_rate,easy,MULTIPLE_CHOICE,weighted_wrong_rate=0.084; raw_wrong_rate=0.085; n=117,0.08547008547008547,0.08374713521772342,117.0,medium
data-mining-q1,14,22,In which task do you aim to reduce the number of attributes in a dataset while preserving the most relevant information?,Classification,Regression,Dimensionality Reduction,Clustering,Association Rules,Anomaly Detection,c,Data Mining - Quiz 1,introductory data mining concepts,21,,easy,real_submission_wrong_rate,easy,MULTIPLE_CHOICE,weighted_wrong_rate=0.009; raw_wrong_rate=0.009; n=117,0.008547008547008548,0.008976317799847209,117.0,medium
data-mining-q1,15,27,What is the primary purpose of data discretization in data pre-processing?,To remove missing values from the dataset,To convert categorical data into numerical data,To reduce the number of distinct values in a continuous feature,To perform clustering on the data,To normalize data using z-score scaling,,c,Data Mining - Quiz 1,introductory data mining concepts,11,,easy,real_submission_wrong_rate,easy,MULTIPLE_CHOICE,weighted_wrong_rate=0.057; raw_wrong_rate=0.060; n=117,0.05982905982905983,0.05691367456073337,117.0,easy
data-mining-q1,16,29,Which data pre-processing technique is used for scaling features to have a mean of 0 and a standard deviation of 1?,Z-Score Scaling,Min-Max Scaling,Discretization,PCA,Aggregation,,a,Data Mining - Quiz 1,introductory data mining concepts,21,,easy,real_submission_wrong_rate,easy,MULTIPLE_CHOICE,weighted_wrong_rate=0.008; raw_wrong_rate=0.009; n=117,0.008547008547008548,0.007925897631779984,117.0,medium
data-mining-q1,17,30,What is the primary purpose of data sampling in data pre-processing?,To reduce the number of features in the dataset,To create a representative subset of the dataset,To merge two or more datasets,To convert categorical data into numerical data,To perform dimensionality reduction,,b,Data Mining - Quiz 1,introductory data mining concepts,11,,easy,real_submission_wrong_rate,easy,MULTIPLE_CHOICE,weighted_wrong_rate=0.017; raw_wrong_rate=0.017; n=117,0.017094017094017096,0.016806722689075626,117.0,easy
data-mining-q2,1,3,Which of the following is an example of a feature extraction technique?,Recursive Feature Elimination (RFE).,Principal Component Analysis (PCA).,Information Gain.,Forward Selection.,Decision Trees.,,b,Data Mining - Quiz 2,dimensionality reduction and feature selection,12,,easy,real_submission_wrong_rate,easy,CHECKBOX,weighted_wrong_rate=0.030; raw_wrong_rate=0.026; n=115,0.02608695652173913,0.03032058709926612,115.0,medium
data-mining-q2,2,4,"In PCA, what is the primary goal of orthogonal transformation?",To increase the number of features.,To create correlated features.,To reduce the number of features.,To amplify noise in the data.,To make the data non-linear.,,c,Data Mining - Quiz 2,dimensionality reduction and feature selection,10,,easy,real_submission_wrong_rate,easy,CHECKBOX,weighted_wrong_rate=0.054; raw_wrong_rate=0.052; n=115,0.05217391304347826,0.05439814814814815,115.0,easy
data-mining-q2,3,5,How are principal components in PCA ordered in terms of importance?,Randomly.,By their magnitude of eigenvalues.,Alphabetically.,By their position in the original dataset.,By their correlation with the target variable.,,b,Data Mining - Quiz 2,dimensionality reduction and feature selection,11,,easy,real_submission_wrong_rate,easy,CHECKBOX,weighted_wrong_rate=0.044; raw_wrong_rate=0.044; n=114,0.043859649122807015,0.043647321862544955,114.0,medium
data-mining-q2,4,6,Which of the following is an advantage of PCA?,It guarantees that no information is lost during dimensionality reduction.,It helps to interpret the meaning of the original features.,It is not affected by multicollinearity in the data.,It can be applied to high-dimensional data efficiently.,It is only applicable to categorical data.,,d,Data Mining - Quiz 2,dimensionality reduction and feature selection,9,,easy,real_submission_wrong_rate,easy,CHECKBOX,weighted_wrong_rate=0.108; raw_wrong_rate=0.107; n=84,0.10714285714285714,0.10769023931164291,84.0,medium
data-mining-q2,5,7,Feature extraction differs from feature selection in that it:,Create new features to the dataset.,"Only selects the most important features, without creating new ones.",Reduces the number of observations in the dataset.,Randomly shuffles the order of the features.,Converts categorical variables into numerical ones.,,a,Data Mining - Quiz 2,dimensionality reduction and feature selection,9,,easy,real_submission_wrong_rate,easy,CHECKBOX,weighted_wrong_rate=0.155; raw_wrong_rate=0.159; n=107,0.1588785046728972,0.15483736880390728,107.0,easy
data-mining-q2,6,8,"In PCA, what is the role of eigenvalues and eigenvectors in the dimensionality reduction process?",Determine the direction of the principal components.,Used to scale the original features.,Used to sort the data.,Used to identify the principal components.,Represent the number of samples in the dataset.,,d,Data Mining - Quiz 2,dimensionality reduction and feature selection,15,,easy,real_submission_wrong_rate,easy,CHECKBOX,weighted_wrong_rate=0.264; raw_wrong_rate=0.298; n=57,0.2982456140350877,0.2642315912181854,57.0,easy
data-mining-q2,7,9,"In PCA, what are the principal components?",Original features of the dataset.,The features selected through feature selection.,Linear combinations of the original features.,The most important data points.,,,c,Data Mining - Quiz 2,dimensionality reduction and feature selection,7,,easy,real_submission_wrong_rate,easy,CHECKBOX,weighted_wrong_rate=0.050; raw_wrong_rate=0.054; n=112,0.05357142857142857,0.049950149551345954,112.0,medium
data-mining-q2,8,10,Which principal component explains the most variance in the data?,The first principal component.,The last principal component.,It depends on the dataset.,All principal components explain the same variance.,,,a,Data Mining - Quiz 2,dimensionality reduction and feature selection,10,,easy,real_submission_wrong_rate,easy,CHECKBOX,weighted_wrong_rate=0.007; raw_wrong_rate=0.008; n=118,0.00847457627118644,0.006980473540232052,118.0,easy
data-mining-q2,9,11,"In PCA, how is the number of retained principal components is determined?",By choosing a fixed number.,By selecting all the components.,Based on cumulative explained variance.,Chosen randomly.,,,c,Data Mining - Quiz 2,dimensionality reduction and feature selection,12,,easy,real_submission_wrong_rate,easy,CHECKBOX,weighted_wrong_rate=0.021; raw_wrong_rate=0.024; n=83,0.024096385542168676,0.02136400986031224,83.0,medium
data-mining-q2,10,12,What is the relationship between the first principal component (PC1) and the second principal component (PC2)?,PC1 and PC2 are always orthogonal to each other.,PC1 is a linear combination of PC2.,PC2 is a scaled version of PC1.,PC1 and PC2 have opposite directions.,,,a,Data Mining - Quiz 2,dimensionality reduction and feature selection,16,,easy,real_submission_wrong_rate,easy,CHECKBOX,weighted_wrong_rate=0.000; raw_wrong_rate=0.000; n=116,0.0,0.0,116.0,easy
data-mining-q2,11,14,What is the main drawback of using PCA for dimensionality reduction?,It can lead to overfitting.,It may not preserve the interpretability of the original features.,It can be sensitive to outliers in the data.,It is computationally expensive.,,,b,Data Mining - Quiz 2,dimensionality reduction and feature selection,11,,easy,real_submission_wrong_rate,easy,CHECKBOX,weighted_wrong_rate=0.043; raw_wrong_rate=0.045; n=89,0.0449438202247191,0.043417721518987346,89.0,easy
data-mining-q2,12,15,"When we apply the SVD decomposition directly on the centered data matrix X, we obtain:",The same eigenvectors and eigenvalues of the covariance matrix.,"The same eigenvectors, but different eigenvalues of the covariance matrix.",Different eigenvectors and the same eigenvalues of the covariance matrix.,Different eigenvectors and different eigenvalues of the covariance matrix.,,,b,Data Mining - Quiz 2,dimensionality reduction and feature selection,15,,hard,real_submission_wrong_rate,easy,CHECKBOX,weighted_wrong_rate=0.691; raw_wrong_rate=0.697; n=119,0.6974789915966386,0.6908733133433281,119.0,medium
data-mining-q2,13,16,"When a scaled data is uniformly distributed within a sphere centered at the origin, the eigenvalues of the PCs are:",Equal for all principal components (All Equal).,Varied (Different).,All equal to zero (All equal to Zero).,,,,a,Data Mining - Quiz 2,dimensionality reduction and feature selection,20,,easy,real_submission_wrong_rate,easy,CHECKBOX,weighted_wrong_rate=0.101; raw_wrong_rate=0.093; n=118,0.09322033898305085,0.1011225356098481,118.0,medium
data-mining-q2,14,17,"The information gain of a categorical variable with itself IG(x,x) is equal to:",Entropy(x),0,1,0.5,,,a,Data Mining - Quiz 2,dimensionality reduction and feature selection,13,,hard,real_submission_wrong_rate,easy,CHECKBOX,weighted_wrong_rate=0.928; raw_wrong_rate=0.941; n=119,0.9411764705882353,0.9283170914542725,119.0,medium
data-mining-q2,15,18,The maximum value of entropy for a categorical variable with n categories is:,1,n,log2(n),1/(n-1),,,c,Data Mining - Quiz 2,dimensionality reduction and feature selection,13,,easy,real_submission_wrong_rate,easy,CHECKBOX,weighted_wrong_rate=0.233; raw_wrong_rate=0.229; n=118,0.2288135593220339,0.23331755797444387,118.0,medium
data-mining-q2,16,19,How many trained models are required to select the initial attribute in forward selection when there are 100 original attributes?,1,50,100,1000,,,c,Data Mining - Quiz 2,dimensionality reduction and feature selection,20,,easy,quiz_prior_heuristic,easy,CHECKBOX,quiz_prior=easy; heuristic_score=0,,,,easy
data-mining-q2,17,20,What feature selection technique is capable of identifying intricate relationships and interactions among features when employed as predictors?,Wrapper methods.,Filter methods.,Unsupervised feature selection.,,,,a,Data Mining - Quiz 2,dimensionality reduction and feature selection,18,,easy,real_submission_wrong_rate,easy,CHECKBOX,weighted_wrong_rate=0.108; raw_wrong_rate=0.115; n=113,0.11504424778761062,0.10775904564724441,113.0,easy
data-mining-q2,18,21,What feature selection method would be most suitable for a high-dimensional dataset with millions of features?,Wrapper method.,Filter method.,Backward elimination.,,,,b,Data Mining - Quiz 2,dimensionality reduction and feature selection,16,,easy,real_submission_wrong_rate,easy,CHECKBOX,weighted_wrong_rate=0.095; raw_wrong_rate=0.091; n=110,0.09090909090909091,0.09494826536822885,110.0,easy
data-mining-q2,19,22,"Consider a dataset that can be fully expressed in m dimensions. This dataset is rotated and expressed in a higher n-dimensional space, where n > m. In the PCA decomposition of this rotated dataset, how many eigenvalues will be zero",m eigenvalues will be zero.,n eigenvalues will be zero.,n - m eigenvalues will be zero.,No eigenvalues will be zero.,,,c,Data Mining - Quiz 2,dimensionality reduction and feature selection,40,,easy,real_submission_wrong_rate,easy,CHECKBOX,weighted_wrong_rate=0.116; raw_wrong_rate=0.126; n=119,0.12605042016806722,0.11647301349325333,119.0,hard
data-mining-q2,20,23,What is the primary purpose of Feature Subset Selection in data mining?,To increase the complexity of the model.,To reduce the generalization capabilities of the model.,To introduce noise to the data.,To evaluate a large number of features and select a few for the final implementation.,,,d,Data Mining - Quiz 2,dimensionality reduction and feature selection,12,,easy,real_submission_wrong_rate,easy,CHECKBOX,weighted_wrong_rate=0.015; raw_wrong_rate=0.017; n=116,0.017241379310344827,0.015091800442180139,116.0,easy
data-mining-q2,21,24,Which of the following statements is true regarding the information gain of a feature?,Information gain is always high for features with high cardinality.,Information gain is independent of the target variable.,Information gain measures how much a feature reduces uncertainty about the target variable when added to the model.,,,,c,Data Mining - Quiz 2,dimensionality reduction and feature selection,14,,easy,real_submission_wrong_rate,easy,CHECKBOX,weighted_wrong_rate=0.059; raw_wrong_rate=0.061; n=115,0.06086956521739131,0.05918189730200173,115.0,easy
data-mining-q2,22,25,"In the context of feature selection, what does ""impurity"" represent when evaluating candidate features?",The cost of including a feature in the model.,The level of unpredictability or disorder in the data when using a feature.,The complexity of the dataset after adding a feature.,Impurity is not relevant in feature selection.,,,b,Data Mining - Quiz 2,dimensionality reduction and feature selection,14,,easy,real_submission_wrong_rate,easy,CHECKBOX,weighted_wrong_rate=0.014; raw_wrong_rate=0.017; n=117,0.017094017094017096,0.013651551312649163,117.0,easy
data-mining-q2,23,26,"In the process of feature selection, what is the role of the ""Objective Function"" and ""Search Strategy""?","The objective function guides the search strategy in finding feature subsets, while the search strategy quantifies the quality of subsets.","The search strategy is responsible for guiding the search process efficiently, while the objective function evaluates the quality of candidate feature subsets.",Both are two interchangeable terms describing the same concept.,Both are unrelated to the process of feature selection.,,,b,Data Mining - Quiz 2,dimensionality reduction and feature selection,17,,easy,real_submission_wrong_rate,easy,CHECKBOX,weighted_wrong_rate=0.072; raw_wrong_rate=0.073; n=109,0.07339449541284404,0.07197813322534925,109.0,easy
data-mining-q2,24,27,"In genetic algorithms for feature selection, what role does the ""crossover operator"" play in the process?",Determines which features should be removed from the dataset.,Selects the best individual feature from the population.,Combines information from two parent feature subsets to create new feature subsets.,Evaluates the fitness of the entire population.,,,c,Data Mining - Quiz 2,dimensionality reduction and feature selection,16,,easy,real_submission_wrong_rate,easy,CHECKBOX,weighted_wrong_rate=0.000; raw_wrong_rate=0.000; n=116,0.0,0.0,116.0,easy
data-mining-q2,25,28,What are the primary advantages of unsupervised feature selection methods when compared to other feature selection methods?,Unsupervised methods guarantee the selection of the best features.,Unsupervised methods optimize for prediction accuracy.,Unsupervised methods handle feature interaction effectively.,Unsupervised methods do not require labels for feature selection.,,,d,Data Mining - Quiz 2,dimensionality reduction and feature selection,17,,easy,real_submission_wrong_rate,easy,CHECKBOX,weighted_wrong_rate=0.076; raw_wrong_rate=0.075; n=106,0.07547169811320754,0.07584535973875486,106.0,easy
data-mining-q2,26,29,"When comparing feature selection methods, what is a shared disadvantage of both filter and unsupervised methods?",They are computationally intensive.,They require domain knowledge for effective use.,They may miss complex relationships and interactions between features.,They are typically slow and not scalable.,,,c,Data Mining - Quiz 2,dimensionality reduction and feature selection,16,,easy,real_submission_wrong_rate,easy,CHECKBOX,weighted_wrong_rate=0.018; raw_wrong_rate=0.018; n=112,0.017857142857142856,0.01845018450184502,112.0,easy
data-mining-q2,27,30,What is a distinguishing characteristic of filter methods in feature selection when compared to  wrapper methods?,Filter methods optimize for specific machine learning algorithms.,Filter methods are computationally intensive and thorough.,Filter methods evaluate features independently using statistical measures.,Filter methods rely on domain knowledge for feature selection.,,,c,Data Mining - Quiz 2,dimensionality reduction and feature selection,16,,easy,real_submission_wrong_rate,easy,CHECKBOX,weighted_wrong_rate=0.017; raw_wrong_rate=0.018; n=110,0.01818181818181818,0.017335214674460798,110.0,easy
data-mining-q3,1,1,What is the impact of outliers on K-means clustering?,Outliers have no impact on K-means.,Outliers can significantly influence the position of centroids.,K-means automatically identifies and excludes outliers.,Outliers are treated as separate clusters.,,,b,Data Mining - Quiz 3,clustering and unsupervised learning,9,,easy,real_submission_wrong_rate,medium,MULTIPLE_CHOICE,weighted_wrong_rate=0.010; raw_wrong_rate=0.009; n=116,0.008620689655172414,0.0099712368168744,116.0,medium
data-mining-q3,2,2,How does the choice of the number of clusters (K) affect the performance of K-means?,It has no impact on the performance.,An inappropriate choice can lead to poor clustering results.,K-means automatically determines the optimal number of clusters.,An inappropriate choice may label some data points as outliers.,,,b,Data Mining - Quiz 3,clustering and unsupervised learning,15,,easy,real_submission_wrong_rate,medium,MULTIPLE_CHOICE,weighted_wrong_rate=0.049; raw_wrong_rate=0.052; n=116,0.05172413793103448,0.04870565675934803,116.0,hard
data-mining-q3,3,3,"In agglomerative hierarchical clustering, what does the term ""linkage"" refer to?",The connectivity between data points.,The order in which clusters are merged.,The distance measure between clusters.,The density of clusters.,,,c,Data Mining - Quiz 3,clustering and unsupervised learning,11,,easy,real_submission_wrong_rate,medium,MULTIPLE_CHOICE,weighted_wrong_rate=0.064; raw_wrong_rate=0.060; n=116,0.0603448275862069,0.06404602109300098,116.0,medium
data-mining-q3,4,4,What is the primary goal of unsupervised learning?,Minimize prediction errors.,Predict target labels for new data points.,Discover patterns and relationships within data.,Classify data points into predefined categories.,,,c,Data Mining - Quiz 3,clustering and unsupervised learning,8,,easy,real_submission_wrong_rate,medium,MULTIPLE_CHOICE,weighted_wrong_rate=0.027; raw_wrong_rate=0.026; n=116,0.02586206896551724,0.026941514860977945,116.0,easy
data-mining-q3,5,5,What is the primary challenge in evaluating the performance of unsupervised learning algorithms?,Lack of labeled data for comparison.,Overfitting to the training dataset.,Difficulty in handling outliers.,Inability to handle non-linear relationships.,,,a,Data Mining - Quiz 3,clustering and unsupervised learning,13,,easy,real_submission_wrong_rate,medium,MULTIPLE_CHOICE,weighted_wrong_rate=0.007; raw_wrong_rate=0.009; n=116,0.008620689655172414,0.007094918504314478,116.0,medium
data-mining-q3,6,6,How does DBSCAN handle outliers?,Assigns them to the nearest cluster,Labels them as noise/outliers,Includes them in all clusters,Computes a separate cluster for outliers,,,b,Data Mining - Quiz 3,clustering and unsupervised learning,5,,easy,real_submission_wrong_rate,medium,MULTIPLE_CHOICE,weighted_wrong_rate=0.016; raw_wrong_rate=0.017; n=115,0.017391304347826087,0.016463296533023437,115.0,hard
data-mining-q3,7,7,"What does the ""dendrogram"" represent in hierarchical clustering?",Cluster centroids,Cluster assignments,Cluster density,None of the above,,,b,Data Mining - Quiz 3,clustering and unsupervised learning,8,,medium,real_submission_wrong_rate,medium,MULTIPLE_CHOICE,weighted_wrong_rate=0.530; raw_wrong_rate=0.552; n=116,0.5517241379310345,0.5296260786193672,116.0,hard
data-mining-q3,8,8,"In hierarchical clustering, what is the role of the ""cut-off"" in dendrogram visualization?",Define the number of clusters,Determine the linkage method,Set the convergence threshold,Control the learning rate,,,a,Data Mining - Quiz 3,clustering and unsupervised learning,13,,easy,real_submission_wrong_rate,medium,MULTIPLE_CHOICE,weighted_wrong_rate=0.059; raw_wrong_rate=0.052; n=116,0.05172413793103448,0.058868648130393095,116.0,easy
data-mining-q3,9,9,Which criterion is commonly used to determine the optimal number of clusters in K-means?,Silhouette coefficient,Entropy,Precision,F1-score,,,a,Data Mining - Quiz 3,clustering and unsupervised learning,14,,easy,real_submission_wrong_rate,medium,MULTIPLE_CHOICE,weighted_wrong_rate=0.095; raw_wrong_rate=0.103; n=116,0.10344827586206896,0.09539789069990412,116.0,hard
data-mining-q3,10,10,"In K-means clustering, how do you determine the optimal number of clusters?",Use a scree plot to identify the elbow point,Use a random number generator to pick the number of clusters,Use a dendrogram to visualize the hierarchical structure of the data,Use a confusion matrix to assess the accuracy of the clustering,,,a,Data Mining - Quiz 3,clustering and unsupervised learning,12,,easy,real_submission_wrong_rate,medium,MULTIPLE_CHOICE,weighted_wrong_rate=0.024; raw_wrong_rate=0.026; n=116,0.02586206896551724,0.024256951102588686,116.0,medium
data-mining-q3,11,11,What is the purpose of a dendrogram in hierarchical clustering?,To show the relationship between the clusters,To identify the optimal number of clusters,To determine the direction of the clusters,To assess the quality of the clusters,,,a,Data Mining - Quiz 3,clustering and unsupervised learning,10,,easy,real_submission_wrong_rate,medium,MULTIPLE_CHOICE,weighted_wrong_rate=0.129; raw_wrong_rate=0.129; n=116,0.12931034482758622,0.12905081495685525,116.0,easy
data-mining-q3,12,12,Hierarchical clustering is a deterministic algorithm. What does this mean?,"The results of the algorithm will always be the same, regardless of the input data","The results of the algorithm will be different, depending on the order in which the data is processe","The results of the algorithm will be different, depending on the choice of linkage metho","The results of the algorithm will be different, depending on the initialization of the clusters.",,,a,Data Mining - Quiz 3,clustering and unsupervised learning,10,,medium,real_submission_wrong_rate,medium,MULTIPLE_CHOICE,weighted_wrong_rate=0.460; raw_wrong_rate=0.435; n=115,0.43478260869565216,0.46010483401281316,115.0,medium
data-mining-q3,13,13,Why is cluster evaluation important?,To ensure that the clustering results are accurate and reliable,To check non-randomness in the data,To select the best clustering algorithm for a particular task,All of the above,,,d,Data Mining - Quiz 3,clustering and unsupervised learning,5,,easy,real_submission_wrong_rate,medium,MULTIPLE_CHOICE,weighted_wrong_rate=0.068; raw_wrong_rate=0.069; n=116,0.06896551724137931,0.06816874400767017,116.0,medium
data-mining-q3,14,14,"In clustering evaluation, what does entropy measure?",The homogeneity of the clusters in terms of class labels,The fraction of correct assignments,How compact clusters are,Distance between centroids,,,a,Data Mining - Quiz 3,clustering and unsupervised learning,7,,easy,real_submission_wrong_rate,medium,MULTIPLE_CHOICE,weighted_wrong_rate=0.025; raw_wrong_rate=0.026; n=116,0.02586206896551724,0.024928092042186004,116.0,hard
data-mining-q3,15,15,"In clustering evaluation, what does higher precision mean:",More objects of a class in a cluster,More clusters containing a class,Larger fraction of a cluster is one class,More distinct clusters,,,c,Data Mining - Quiz 3,clustering and unsupervised learning,8,,medium,real_submission_wrong_rate,medium,MULTIPLE_CHOICE,weighted_wrong_rate=0.498; raw_wrong_rate=0.478; n=115,0.4782608695652174,0.49801874939596025,115.0,medium
data-mining-q3,16,16,Which points cannot be directly density-reachable from any border point?,Another border point,A noise point,A core point,Any of the above,,,b,Data Mining - Quiz 3,clustering and unsupervised learning,10,,easy,real_submission_wrong_rate,medium,MULTIPLE_CHOICE,weighted_wrong_rate=0.290; raw_wrong_rate=0.276; n=116,0.27586206896551724,0.2903163950143816,116.0,medium
data-mining-q3,17,17,What is the disadvantage of the DBSCAN algorithm?,Poor performance on high-dimensional data,Requires many scans of the dataset,Sensitive to the order of data points,Unable to detect clusters of varying density,,,a,Data Mining - Quiz 3,clustering and unsupervised learning,8,,medium,real_submission_wrong_rate,medium,MULTIPLE_CHOICE,weighted_wrong_rate=0.413; raw_wrong_rate=0.388; n=116,0.3879310344827586,0.4125599232981783,116.0,easy
data-mining-q3,18,18,"Suppose that for a data set: there are m points and K clusters, half the points and clusters are in “more dense” regions, half the points and clusters are in “less dense” regions, and the two regions are well-separated from each other. Which of the following should occur to minimize the squared error when finding K clusters:",Centroids should be equally distributed between more dense and less,More centroids should be allocated to the less dense region.,More centroids should be allocated to the denser region.,,,,c,Data Mining - Quiz 3,clustering and unsupervised learning,57,,medium,real_submission_wrong_rate,medium,MULTIPLE_CHOICE,weighted_wrong_rate=0.450; raw_wrong_rate=0.426; n=115,0.4260869565217391,0.4497385241138873,115.0,hard
data-mining-q3,19,19,How is entropy used in cluster evaluation?,"Entropy can be used to measure the purity of a cluster, which is the proportion of data points in the cluster that belong to the same class.","Entropy can be used to measure the balance of a cluster, which is the distribution of data points from different classes within the cluster.","Entropy can be used to measure the separation between clusters, which is the difference in the entropy of different clusters.",All of the above,,,a,Data Mining - Quiz 3,clustering and unsupervised learning,7,,easy,real_submission_wrong_rate,medium,MULTIPLE_CHOICE,weighted_wrong_rate=0.242; raw_wrong_rate=0.241; n=116,0.2413793103448276,0.24151486097794816,116.0,hard
data-mining-q3,20,20,"Can K-means yield different clusterings with the same K in two runs? If yes, how to determine the best clustering?","No, this is mathematically impossible.","No, the same number of clusters K produces the same clustering.","Yes, SSE can be used to select the best cluster.",None of the above,,,c,Data Mining - Quiz 3,clustering and unsupervised learning,20,,easy,real_submission_wrong_rate,medium,MULTIPLE_CHOICE,weighted_wrong_rate=0.063; raw_wrong_rate=0.070; n=115,0.06956521739130435,0.06312838360402168,115.0,medium
data-mining-q3,21,21,"If DBSCAN has a very large radius (epsilon) and a small MinPoints, what can happen?",All the data points will be clustered together,All the data points will be considered outliers,All the data points will be border points,None of the above,,,a,Data Mining - Quiz 3,clustering and unsupervised learning,15,,easy,real_submission_wrong_rate,medium,MULTIPLE_CHOICE,weighted_wrong_rate=0.154; raw_wrong_rate=0.164; n=116,0.16379310344827586,0.1538830297219559,116.0,hard
data-mining-q3,22,22,"If DBSCAN has a very small radius (epsilon) and a very large MinPoints, what can happen?",All the data points will be clustered together,All the data points will be considered outliers,All the data points will be border points,None of the above,,,b,Data Mining - Quiz 3,clustering and unsupervised learning,16,,easy,real_submission_wrong_rate,medium,MULTIPLE_CHOICE,weighted_wrong_rate=0.137; raw_wrong_rate=0.138; n=116,0.13793103448275862,0.13700862895493768,116.0,hard
data-mining-q3,23,23,"If we use K-means with K=1, where will the centroid be located?",The centroid will be located at some cluster,The centroid will be the average of all points,The centroid will not converge and keep moving,None of the above,,,b,Data Mining - Quiz 3,clustering and unsupervised learning,12,,easy,real_submission_wrong_rate,medium,MULTIPLE_CHOICE,weighted_wrong_rate=0.051; raw_wrong_rate=0.052; n=116,0.05172413793103448,0.050527325023969324,116.0,hard
data-mining-q3,24,24,"If, in DBSCAN, the parameter MinPoints is set to two (2), then:",All data points will be either core points or outliers (no border points).,All data points will be border points.,No points can be core points.,None of the above.,,,a,Data Mining - Quiz 3,clustering and unsupervised learning,12,,easy,real_submission_wrong_rate,medium,MULTIPLE_CHOICE,weighted_wrong_rate=0.107; raw_wrong_rate=0.103; n=116,0.10344827586206896,0.10738255033557048,116.0,hard
data-mining-q3,25,25,"In a dataset with three clusters, where the density of the first cluster (C1) is smaller than the second cluster (C2), and the density of the second cluster is smaller than the third one. What cluster should be considered  When setting the radius (epsilon) of DBSCAN  ?",Only the first cluster (C1) with the lowest density is sufficient.,Only the second cluster (C2) is sufficient.,Only the third cluster (C3) with the highest density is sufficient.,None of the above.,,,a,Data Mining - Quiz 3,clustering and unsupervised learning,47,,medium,real_submission_wrong_rate,medium,MULTIPLE_CHOICE,weighted_wrong_rate=0.455; raw_wrong_rate=0.461; n=115,0.4608695652173913,0.4553554135192718,115.0,hard
data-mining-q3,26,26,"If the Silhouette coefficient of a data point x is zero, and all clusters are spherical with the same number of points, what does this imply?",This data point x is a centroid of one cluster.,This data point x is equidistant from two clusters.,This data point is x is assigned to the incorrect cluster.,None of the above.,,,b,Data Mining - Quiz 3,clustering and unsupervised learning,26,,easy,real_submission_wrong_rate,medium,MULTIPLE_CHOICE,weighted_wrong_rate=0.058; raw_wrong_rate=0.061; n=115,0.06086956521739131,0.0575936501790727,115.0,hard
data-mining-q3,27,27,"If the Silhouette coefficient of a data point x is negative, and all clusters are spherical with the same number of points, what does this imply?",This data point x is a centroid of one cluster.,This data point x is equidistant from two clusters.,This data point is x is assigned to the incorrect cluster.,None of the above,,,c,Data Mining - Quiz 3,clustering and unsupervised learning,26,,easy,real_submission_wrong_rate,medium,MULTIPLE_CHOICE,weighted_wrong_rate=0.122; raw_wrong_rate=0.129; n=116,0.12931034482758622,0.12195589645254074,116.0,hard
data-mining-q3,28,28,"If the cluster shapes are non-elliptical, which of the following algorithms may cluster the data incorrectly?",K-means,DBSCAN,Hierarchical clustering,None of the above,,,a,Data Mining - Quiz 3,clustering and unsupervised learning,16,,easy,real_submission_wrong_rate,medium,MULTIPLE_CHOICE,weighted_wrong_rate=0.095; raw_wrong_rate=0.086; n=116,0.08620689655172414,0.09520613614573348,116.0,medium
data-mining-q3,29,29,The disadvantage of complete linkage when used to calculate the distance between clusters is:,Sensitive to outliers,Unable to handle elliptical clusters,Tends to divide big clusters into small ones,None of the above,,,c,Data Mining - Quiz 3,clustering and unsupervised learning,14,,easy,real_submission_wrong_rate,medium,MULTIPLE_CHOICE,weighted_wrong_rate=0.161; raw_wrong_rate=0.164; n=116,0.16379310344827586,0.16116970278044107,116.0,hard
data-mining-q3,30,30,"In supervised cluster evaluation, if all examples with a supervised class label are evenly split into two pure clusters, then:","The entropy of the two clusters is 1, the recall of each one is 0.5.","The entropy of the two clusters is 0, the recall of each one is 1.","The entropy of the two clusters is 0, the recall of each one is 0.5.","The entropy of the two clusters is 1, the recall of each one is 1.",,,c,Data Mining - Quiz 3,clustering and unsupervised learning,20,,medium,real_submission_wrong_rate,medium,MULTIPLE_CHOICE,weighted_wrong_rate=0.648; raw_wrong_rate=0.664; n=116,0.6637931034482759,0.6479386385426653,116.0,hard
data-mining-q4,1,1,What is the main purpose of cross-validation in classification?,Feature selection,Model evaluation,Hyperparameter tuning,All of the above,,,b,Data Mining - Quiz 4,classification and model evaluation,9,,easy,real_submission_wrong_rate,medium,MULTIPLE_CHOICE,weighted_wrong_rate=0.158; raw_wrong_rate=0.159; n=113,0.1592920353982301,0.15834801330984538,113.0,easy
data-mining-q4,2,2,"What does the term ""overfitting"" refer to in the context of classification models?",The model performs well on training data but poorly on unseen data,The model performs poorly on both training and unseen data,The model is perfectly generalized to any data,The model has too many parameters,,,a,Data Mining - Quiz 4,classification and model evaluation,13,,easy,real_submission_wrong_rate,medium,MULTIPLE_CHOICE,weighted_wrong_rate=0.008; raw_wrong_rate=0.009; n=113,0.008849557522123894,0.007535721276179292,113.0,medium
data-mining-q4,3,3,"What does the term ""false positive"" represent in a confusion matrix?",Instances correctly identified as positive,Instances incorrectly identified as positive,Instances correctly identified as negative,Instances incorrectly identified as negative,,,b,Data Mining - Quiz 4,classification and model evaluation,11,,easy,real_submission_wrong_rate,medium,MULTIPLE_CHOICE,weighted_wrong_rate=0.000; raw_wrong_rate=0.000; n=113,0.0,0.0,113.0,medium
data-mining-q4,4,4,What is the purpose of pruning in decision trees?,Increase model complexity,Reduce overfitting,Reduce the number of parameters,Reduce model interpretability,,,b,Data Mining - Quiz 4,classification and model evaluation,9,,easy,real_submission_wrong_rate,medium,MULTIPLE_CHOICE,weighted_wrong_rate=0.000; raw_wrong_rate=0.000; n=113,0.0,0.0,113.0,easy
data-mining-q4,5,5,What is the disadvantage of decision trees?,Prone to overfitting,Not robust to outliers,Sensitive to feature scaling,Suitable for linear relationships only,,,a,Data Mining - Quiz 4,classification and model evaluation,7,,easy,real_submission_wrong_rate,medium,MULTIPLE_CHOICE,weighted_wrong_rate=0.076; raw_wrong_rate=0.071; n=112,0.07142857142857142,0.07597312784034777,112.0,medium
data-mining-q4,6,6,Decision tree learners may create biased trees if some classes dominate. What’s the solution of it?,Balance the dataset prior to fitting,Imbalance the dataset prior to fitting,Balance the dataset after fitting,None of the above,,,a,Data Mining - Quiz 4,classification and model evaluation,16,,easy,real_submission_wrong_rate,medium,MULTIPLE_CHOICE,weighted_wrong_rate=0.027; raw_wrong_rate=0.035; n=113,0.035398230088495575,0.026717557251908403,113.0,medium
data-mining-q4,7,7,Which of the following is a disadvantage of leave-one-out cross-validation (LOOCV)?,High computational cost,Overestimation of model performance,Limited model generalization,Biased toward larger datasets,,,a,Data Mining - Quiz 4,classification and model evaluation,11,,easy,real_submission_wrong_rate,medium,MULTIPLE_CHOICE,weighted_wrong_rate=0.075; raw_wrong_rate=0.088; n=113,0.08849557522123894,0.07516147974163241,113.0,medium
data-mining-q4,8,8,What is the advantage of using cross-validation over a single train-test split?,It guarantees a larger training set,It provides multiple evaluations and provides a robust estimation,It speeds up the training process,It simplifies the model evaluation process,,,b,Data Mining - Quiz 4,classification and model evaluation,12,,easy,real_submission_wrong_rate,medium,MULTIPLE_CHOICE,weighted_wrong_rate=0.033; raw_wrong_rate=0.035; n=113,0.035398230088495575,0.032883147386964184,113.0,easy
data-mining-q4,9,9,"What does the term ""stratified cross-validation"" refer to?",Ensuring an equal distribution of target classes in each fold,Prioritizing one class over others during validation,Excluding certain features from the validation set,Randomly shuffling the data before splitting,,,a,Data Mining - Quiz 4,classification and model evaluation,8,,easy,real_submission_wrong_rate,medium,MULTIPLE_CHOICE,weighted_wrong_rate=0.034; raw_wrong_rate=0.035; n=113,0.035398230088495575,0.03435114503816794,113.0,medium
data-mining-q4,10,10,Which of the following is a method to handle imbalanced class distribution in decision trees?,Feature scaling,Stratified sampling,Random shuffling,Increasing the tree depth,,,b,Data Mining - Quiz 4,classification and model evaluation,15,,easy,real_submission_wrong_rate,medium,MULTIPLE_CHOICE,weighted_wrong_rate=0.047; raw_wrong_rate=0.053; n=113,0.05309734513274336,0.04668232530827951,113.0,medium
data-mining-q4,11,11,Which of the following is a hyperparameter of Decision Trees:,Tree depth,Minimum number of samples in leafs,Minimum number of samples to split nodes,All of the above,,,d,Data Mining - Quiz 4,classification and model evaluation,10,,easy,real_submission_wrong_rate,medium,MULTIPLE_CHOICE,weighted_wrong_rate=0.031; raw_wrong_rate=0.035; n=113,0.035398230088495575,0.030730084165198672,113.0,medium
data-mining-q4,12,12,Which of the following methods can help to fine-tune tree depth in Decision Trees:,Trial and error,Random search,Learning curve,All of the above,,,d,Data Mining - Quiz 4,classification and model evaluation,14,,easy,real_submission_wrong_rate,medium,MULTIPLE_CHOICE,weighted_wrong_rate=0.114; raw_wrong_rate=0.106; n=113,0.10619469026548672,0.11372088471325113,113.0,medium
data-mining-q4,13,13,Which of the following metrics can be used with a dataset having unbalanced classes:,Accuracy,F-Score,Precision,All of the above,,,b,Data Mining - Quiz 4,classification and model evaluation,14,,hard,real_submission_wrong_rate,medium,MULTIPLE_CHOICE,weighted_wrong_rate=0.766; raw_wrong_rate=0.788; n=113,0.7876106194690266,0.766392640438442,113.0,medium
data-mining-q4,14,14,How can you detect underfitting from a learning curve?,"Bad results in train, but good results in test","Good results in train, but bad results in test",Bad results in both train and test,None of the above,,,c,Data Mining - Quiz 4,classification and model evaluation,9,,easy,real_submission_wrong_rate,medium,MULTIPLE_CHOICE,weighted_wrong_rate=0.041; raw_wrong_rate=0.053; n=113,0.05309734513274336,0.041397533763945976,113.0,medium
data-mining-q4,15,15,Which of the following can be a reason for overfitting:,Insufficient training data,Excessive model complexity,Too many training iterations,All of the above,,,d,Data Mining - Quiz 4,classification and model evaluation,10,,easy,real_submission_wrong_rate,medium,MULTIPLE_CHOICE,weighted_wrong_rate=0.123; raw_wrong_rate=0.133; n=113,0.13274336283185842,0.12272460364063417,113.0,medium
data-mining-q4,16,16,Which of the following can be a reason for underfitting:,Insufficient model complexity,Excessive training data,Too many training epochs,All of the above,,,a,Data Mining - Quiz 4,classification and model evaluation,10,,easy,real_submission_wrong_rate,medium,MULTIPLE_CHOICE,weighted_wrong_rate=0.038; raw_wrong_rate=0.044; n=113,0.04424778761061947,0.03826580544137796,113.0,medium
data-mining-q4,17,17,Which of the following is true about non-parametric models as compared to parametric models:,They don't make prior assumptions on data's probability distribution,They are often more flexible and achieve better accuracy,They require more training data,All of the above,,,d,Data Mining - Quiz 4,classification and model evaluation,14,,medium,real_submission_wrong_rate,medium,MULTIPLE_CHOICE,weighted_wrong_rate=0.483; raw_wrong_rate=0.478; n=113,0.4778761061946903,0.48346055979643776,113.0,medium
data-mining-q4,18,18,How can we handle the problem of underfitting in decision trees:,Increase the size of the tree,Add more attributes,Increase the size of the data,All of the above,,,d,Data Mining - Quiz 4,classification and model evaluation,11,,medium,real_submission_wrong_rate,medium,MULTIPLE_CHOICE,weighted_wrong_rate=0.356; raw_wrong_rate=0.354; n=113,0.35398230088495575,0.35564689763163043,113.0,medium
data-mining-q4,19,19,Which of the following evaluation methods is not appropriate if the size of the data is small?,Holdout Method,Cross-validation,Leave-One-Out Approach,All of the above,,,a,Data Mining - Quiz 4,classification and model evaluation,17,,medium,real_submission_wrong_rate,medium,MULTIPLE_CHOICE,weighted_wrong_rate=0.628; raw_wrong_rate=0.646; n=113,0.6460176991150443,0.6283029947152085,113.0,medium
data-mining-q4,20,20,What is a decision boundary in the context of decision trees?,Rectilinears that separate different classes in the feature space,The point at which a decision tree splits the data,A measure of the complexity of a decision tree,All of the above,,,a,Data Mining - Quiz 4,classification and model evaluation,11,,easy,real_submission_wrong_rate,medium,MULTIPLE_CHOICE,weighted_wrong_rate=0.101; raw_wrong_rate=0.106; n=113,0.10619469026548672,0.10090037189273832,113.0,easy
data-mining-q4,21,21,The highest possible value of the Gini index for a set containing n different types of objects is:,0,1,log(n),None of the above,,,d,Data Mining - Quiz 4,classification and model evaluation,18,,medium,real_submission_wrong_rate,medium,MULTIPLE_CHOICE,weighted_wrong_rate=0.387; raw_wrong_rate=0.398; n=113,0.39823008849557523,0.3867684478371502,113.0,hard
data-mining-q4,22,22,The highest possible value of the miss classification error rate for a set containing n different types of objects is:,0,1,(n-1)/n,None of the above,,,c,Data Mining - Quiz 4,classification and model evaluation,20,,easy,real_submission_wrong_rate,medium,MULTIPLE_CHOICE,weighted_wrong_rate=0.237; raw_wrong_rate=0.239; n=113,0.23893805309734514,0.23693482090428658,113.0,medium
data-mining-q4,23,23,"If we use both Information gain and Gini gain to select the best split in a continuous variable, then:","We may find the same split position, as both measures (Gini and entropy) are consistent.",We might find different split positions even though the measures (Gini and entropy) are consistent.,"We cannot find the same split positions, as the measures (Gini and entropy) used are inconsistent.",We may find different split positions because the measures (Gini and entropy) used are inconsistent.,,,b,Data Mining - Quiz 4,classification and model evaluation,19,,easy,real_submission_wrong_rate,medium,MULTIPLE_CHOICE,weighted_wrong_rate=0.144; raw_wrong_rate=0.150; n=113,0.1504424778761062,0.14376590330788805,113.0,hard
data-mining-q4,24,24,Which scenario allows a decision tree to split all training data into pure leaves?,When some samples have identical attributes but belong to different classes.,Splitting into pure leaves is not possible.,"If two examples belong to different classes, they must have at least one differing attribute.",,,,c,Data Mining - Quiz 4,classification and model evaluation,14,,medium,real_submission_wrong_rate,medium,MULTIPLE_CHOICE,weighted_wrong_rate=0.314; raw_wrong_rate=0.345; n=113,0.34513274336283184,0.3143472303777648,113.0,medium
data-mining-q4,25,25,How does a decision tree classify an example after training if it encounters a new attribute value that was not considered in a splitting condition?,The example is not classified.,The most frequent class at the current node is assigned to the example,"A random value from the supported attribute values is chosen, and the classification process continues.",None of the above,,,b,Data Mining - Quiz 4,classification and model evaluation,25,,easy,real_submission_wrong_rate,medium,MULTIPLE_CHOICE,weighted_wrong_rate=0.115; raw_wrong_rate=0.097; n=113,0.09734513274336283,0.11518888236445488,113.0,hard
data-mining-q4,26,26,How does a decision tree manage an example with a missing value in a splitting condition during the testing phase?,The most common branch is chosen for the missing value.,The example is not classified.,"A random value from the supported attribute values is chosen, and the classification process continues.",None of the above,,,a,Data Mining - Quiz 4,classification and model evaluation,20,,easy,real_submission_wrong_rate,medium,MULTIPLE_CHOICE,weighted_wrong_rate=0.161; raw_wrong_rate=0.168; n=113,0.168141592920354,0.1610882755920924,113.0,hard
data-mining-q4,27,27,How can overfitting be addressed in decision trees?,Use of post-pruning.,Use of pre-pruning.,Using as voting among multiple decision trees.,All of the above.,,,d,Data Mining - Quiz 4,classification and model evaluation,8,,easy,real_submission_wrong_rate,medium,MULTIPLE_CHOICE,weighted_wrong_rate=0.034; raw_wrong_rate=0.035; n=113,0.035398230088495575,0.033763945977686435,113.0,medium
data-mining-q4,28,28,"To set a baseline for determining if a classifier is acceptable, which of the following could be utilized?",The number of training examples in the minority class divided by the total number of training examples.,The inverse of the number of classes (1 divided by the number of classes),The number of training examples in the majority class divided by the total number of training examples,None of the above,,,c,Data Mining - Quiz 4,classification and model evaluation,18,,hard,real_submission_wrong_rate,medium,MULTIPLE_CHOICE,weighted_wrong_rate=0.812; raw_wrong_rate=0.814; n=113,0.8141592920353983,0.8121941671559991,113.0,medium
data-mining-q4,29,29,Why does a decision tree struggle with oblique splits?,Oblique splits are nonlinear.,It results from underfitting.,Only a single attribute is evaluated in each split condition.,All of the above.,,,c,Data Mining - Quiz 4,classification and model evaluation,9,,hard,real_submission_wrong_rate,medium,MULTIPLE_CHOICE,weighted_wrong_rate=0.658; raw_wrong_rate=0.664; n=113,0.6637168141592921,0.6578586807594442,113.0,medium
data-mining-q4,30,30,"When providing a probability estimate for an example's classification using a decision tree, which method would be used?",The probability is estimated based on the class frequencies in the leaf node where the example is classified.,"The probability is considered 1, as the path to this node indicates certainty in the majority class occurrence.",The probability is derived using the entropy at the leaf node where the classification occurs.,None of the above,,,a,Data Mining - Quiz 4,classification and model evaluation,18,,easy,real_submission_wrong_rate,medium,MULTIPLE_CHOICE,weighted_wrong_rate=0.090; raw_wrong_rate=0.088; n=113,0.08849557522123894,0.08964572323350949,113.0,hard
data-mining-q5,1,1,"In the Apriori algorithm, what is the significance of the ""pruning"" step?",It removes infrequent itemsets from consideration.,It adds more itemsets to the frequent itemsets list.,It increases the minimum support threshold.,It reorganizes the transaction database.,,,a,Data Mining - Quiz 5,association rules and Apriori,12,,easy,real_submission_wrong_rate,hard,MULTIPLE_CHOICE,weighted_wrong_rate=0.012; raw_wrong_rate=0.009; n=112,0.008928571428571428,0.011664379533424819,112.0,hard
data-mining-q5,2,2,"In the context of association rules, what is lift?",It measures the overall strength of the association between items.,It quantifies the likelihood of a rule being true.,It indicates the independence of items.,It represents the size of the dataset.,,,c,Data Mining - Quiz 5,association rules and Apriori,9,,hard,real_submission_wrong_rate,hard,MULTIPLE_CHOICE,weighted_wrong_rate=0.652; raw_wrong_rate=0.661; n=112,0.6607142857142857,0.6517349539306018,112.0,hard
data-mining-q5,3,3,What does a high lift value indicate in association rule mining?,Strong association between items.,Weak association between items.,No association between items.,Perfect correlation between items.,,,a,Data Mining - Quiz 5,association rules and Apriori,11,,easy,real_submission_wrong_rate,hard,MULTIPLE_CHOICE,weighted_wrong_rate=0.077; raw_wrong_rate=0.071; n=112,0.07142857142857142,0.07723975691040971,112.0,hard
data-mining-q5,4,4,How does increasing the confidence threshold impact the number of generated association rules?,Increases the number of rules.,Decreases the number of rules.,Has no effect on the number of rules.,Randomly affects the number of rules.,,,b,Data Mining - Quiz 5,association rules and Apriori,13,,easy,real_submission_wrong_rate,hard,MULTIPLE_CHOICE,weighted_wrong_rate=0.053; raw_wrong_rate=0.062; n=112,0.0625,0.05332287786708489,112.0,hard
data-mining-q5,5,5,What is the primary advantage of using FP-growth over the Apriori algorithm?,It requires fewer passes over the dataset.,It has higher accuracy in rule discovery.,It can only handle binary data.,It is more straightforward to implement.,,,a,Data Mining - Quiz 5,association rules and Apriori,12,,easy,real_submission_wrong_rate,hard,MULTIPLE_CHOICE,weighted_wrong_rate=0.007; raw_wrong_rate=0.009; n=112,0.008928571428571428,0.007057439717702411,112.0,hard
data-mining-q5,6,6,"What role does the ""confidence"" measure play in evaluating association rules?",It quantifies the likelihood of a rule being true.,It measures the overall strength of the association between items.,It determines the frequency of individual items.,It represents the size of the dataset.,,,a,Data Mining - Quiz 5,association rules and Apriori,11,,easy,real_submission_wrong_rate,hard,MULTIPLE_CHOICE,weighted_wrong_rate=0.193; raw_wrong_rate=0.188; n=112,0.1875,0.19251127229954906,112.0,hard
data-mining-q5,7,7,"In the context of association rules, when is a rule considered ""interesting""?",When it has low confidence and high support.,When it has high confidence and support=50%.,When it has high confidence and support=100%.,When it has low confidence and low support.,,,b,Data Mining - Quiz 5,association rules and Apriori,12,,medium,real_submission_wrong_rate,hard,MULTIPLE_CHOICE,weighted_wrong_rate=0.389; raw_wrong_rate=0.393; n=112,0.39285714285714285,0.38904136443834536,112.0,hard
data-mining-q5,8,8,"Given that {a,b}, {b,c} and {a,c} are frequent itemsets, then:","{a,b,c} is always frequent.","{a,b,c} is never frequent.","The frequency of {a,b,c} cannot be determined from the given information.",,,,c,Data Mining - Quiz 5,association rules and Apriori,10,,easy,real_submission_wrong_rate,hard,MULTIPLE_CHOICE,weighted_wrong_rate=0.250; raw_wrong_rate=0.259; n=112,0.25892857142857145,0.2500490099980396,112.0,hard
data-mining-q5,9,9,Which statement is false regarding FP-growth algorithms?,It discovers frequent itemsets without generating candidates.,There is a possibility that FP trees may not fit into memory.,Building FP trees is a cost-effective process.,It enlarges the original database to construct FP trees.,,,d,Data Mining - Quiz 5,association rules and Apriori,7,,easy,real_submission_wrong_rate,hard,MULTIPLE_CHOICE,weighted_wrong_rate=0.064; raw_wrong_rate=0.063; n=111,0.06306306306306306,0.06384030042494317,111.0,hard
data-mining-q5,10,10,Which option is a technique for enhancing the efficiency of the Apriori algorithm?,Hash-based techniques.,Transaction Increases.,Sampling.,Cleaning.,,,a,Data Mining - Quiz 5,association rules and Apriori,13,,easy,real_submission_wrong_rate,hard,MULTIPLE_CHOICE,weighted_wrong_rate=0.005; raw_wrong_rate=0.009; n=111,0.009009009009009009,0.0050460077174235675,111.0,hard
data-mining-q5,11,11,What describes the relationship between a candidate and frequent itemsets?,A candidate itemset is always a frequent itemset.,A frequent itemset must be a candidate itemset.,No relation exists between these two.,None of the above.,,,b,Data Mining - Quiz 5,association rules and Apriori,10,,easy,real_submission_wrong_rate,hard,MULTIPLE_CHOICE,weighted_wrong_rate=0.034; raw_wrong_rate=0.036; n=112,0.03571428571428571,0.03401293863948245,112.0,hard
data-mining-q5,12,12,What happens when the support is reduced?,The number of frequent itemsets remains the same.,Some itemsets will be added to the current set of frequent itemsets.,"Some itemsets will become infrequent, while others will become frequent.",It cannot be determined.,,,b,Data Mining - Quiz 5,association rules and Apriori,7,,easy,real_submission_wrong_rate,hard,MULTIPLE_CHOICE,weighted_wrong_rate=0.220; raw_wrong_rate=0.232; n=112,0.23214285714285715,0.22044697118212112,112.0,hard
data-mining-q5,13,13,"If both Apriori and FP-Growth are configured with the same support and confidence thresholds and applied to the same dataset, what can we say about the obtained association rules:",Apriori and FP growth will give the same rules.,Apriori and FP growth will give different rules.,We cannot say anything about it.,,,,a,Data Mining - Quiz 5,association rules and Apriori,29,,easy,real_submission_wrong_rate,hard,MULTIPLE_CHOICE,weighted_wrong_rate=0.237; raw_wrong_rate=0.243; n=111,0.24324324324324326,0.23689416419386744,111.0,hard
data-mining-q5,14,14,What is the relationship between support and confidence?,Support is always larger than or equal to confidence.,Confidence is always larger than or equal to support.,Support and confidence have no necessary relationships.,None of the above.,,,c,Data Mining - Quiz 5,association rules and Apriori,8,,medium,real_submission_wrong_rate,hard,MULTIPLE_CHOICE,weighted_wrong_rate=0.582; raw_wrong_rate=0.568; n=111,0.5675675675675675,0.5820173707066719,111.0,hard
data-mining-q5,15,15,What is the advantage of grouping transactions for each customer as separate databases:,Extract personalized association rules.,Extract non-personalized association rules.,Reduce the number of rules.,There is no advantage.,,,a,Data Mining - Quiz 5,association rules and Apriori,13,,easy,real_submission_wrong_rate,hard,MULTIPLE_CHOICE,weighted_wrong_rate=0.015; raw_wrong_rate=0.018; n=112,0.017857142857142856,0.014899039404038422,112.0,hard
data-mining-q5,16,16,What will happen when grouping items that a customer purchased over different days into a single one transaction?,Association rules between some items may be lost.,The computational complexity may increase significantly.,The size of the dataset will increase significantly.,None of the above.,,,a,Data Mining - Quiz 5,association rules and Apriori,18,,easy,real_submission_wrong_rate,hard,MULTIPLE_CHOICE,weighted_wrong_rate=0.158; raw_wrong_rate=0.153; n=111,0.15315315315315314,0.1582266009852217,111.0,hard
data-mining-q5,17,17,"If {A, B, C, D} is a frequent item set, a candidate rule which is not possible is:",C –> A,D –> ABCD,A –> BC,B–> ADC,,,b,Data Mining - Quiz 5,association rules and Apriori,18,,easy,real_submission_wrong_rate,hard,MULTIPLE_CHOICE,weighted_wrong_rate=0.048; raw_wrong_rate=0.054; n=111,0.05405405405405406,0.048122529644268774,111.0,hard
data-mining-q5,18,18,"You are working in a company and analyzing all the transactions that happened over the past week. You observe that out of the five hundred transactions that happened, two hundred of them had a mobile phone in them. What is the support for mobile phones in the last week?",0.3,0.4,0.5,0.6,,,b,Data Mining - Quiz 5,association rules and Apriori,49,,easy,real_submission_wrong_rate,hard,MULTIPLE_CHOICE,weighted_wrong_rate=0.000; raw_wrong_rate=0.000; n=111,0.0,0.0,111.0,hard
data-mining-q5,19,19,How does the choice of the minimum support threshold affect the results of association rule mining?,A higher minimum support threshold leads to more rules.,A lower minimum support threshold leads to more rules.,The minimum support threshold has no impact on the number of rules.,It affects the accuracy but not the number of rules.,,,b,Data Mining - Quiz 5,association rules and Apriori,16,,easy,real_submission_wrong_rate,hard,MULTIPLE_CHOICE,weighted_wrong_rate=0.082; raw_wrong_rate=0.080; n=112,0.08035714285714286,0.08204273671829052,112.0,hard
data-mining-q5,20,20,What is the main limitation of the Apriori algorithm when dealing with large datasets?,It requires one passe over the dataset.,It cannot handle categorical data.,It is computationally expensive.,The number of generated rules is unpredictable.,,,c,Data Mining - Quiz 5,association rules and Apriori,14,,easy,real_submission_wrong_rate,hard,MULTIPLE_CHOICE,weighted_wrong_rate=0.017; raw_wrong_rate=0.018; n=112,0.017857142857142856,0.017349539306018427,112.0,hard
data-mining-q5,21,21,"What is the purpose of the ""join"" operation in the Apriori algorithm?",It combines frequent itemsets to form candidate itemsets.,It removes infrequent itemsets from consideration.,It calculates the confidence of association rules.,It organizes the transaction database.,,,a,Data Mining - Quiz 5,association rules and Apriori,12,,easy,real_submission_wrong_rate,hard,MULTIPLE_CHOICE,weighted_wrong_rate=0.013; raw_wrong_rate=0.009; n=112,0.008928571428571428,0.01254655949813762,112.0,hard
data-mining-q5,22,22,"In FP-growth, how does the frequent pattern (FP) tree help discover frequent itemsets?",The FP tree is used to filter out infrequent itemsets from the dataset.,"The FP tree is constructed to represent the hierarchical relationships between items, aiding efficient pattern discovery.",The FP tree is used to sort the itemsets.,The FP tree is a visualization tool for displaying frequent itemsets.,,,b,Data Mining - Quiz 5,association rules and Apriori,13,,easy,real_submission_wrong_rate,hard,MULTIPLE_CHOICE,weighted_wrong_rate=0.149; raw_wrong_rate=0.152; n=112,0.15178571428571427,0.14869633405214666,112.0,hard
data-mining-q5,23,23,"Explain the concept of ""negative association rules"" and provide a scenario where they might be useful.",Negative association rules are not a valid concept in association rule mining.,Negative association rules indicate items that should not be bought together; they are useful in preventing incompatible purchases.,Negative association rules represent items that have a weak association; they help explore subtle relationships.,None of the above.,,,b,Data Mining - Quiz 5,association rules and Apriori,16,,easy,real_submission_wrong_rate,hard,MULTIPLE_CHOICE,weighted_wrong_rate=0.091; raw_wrong_rate=0.080; n=112,0.08035714285714286,0.09076651636933934,112.0,hard
data-mining-q5,24,24,How can we convert a binary classification problem with binary attributes to an association rule mining task?,By treating attributes as items and identifying a frequent rule.,"By treating both attributes and the target as items, aiming to discover frequent rules 'attributes ⇒ target'.","By treating both attributes and the target as items, with the goal of discovering frequent rules: 'attributes ⇒ target' and 'attributes ⇒ not(target)'.",None of the above,,,c,Data Mining - Quiz 5,association rules and Apriori,17,,easy,real_submission_wrong_rate,hard,MULTIPLE_CHOICE,weighted_wrong_rate=0.171; raw_wrong_rate=0.188; n=112,0.1875,0.17124093315036265,112.0,hard
data-mining-q5,25,25,"When a binary classification problem with binary attributes is converted to an association rule mining task, the confidence of the rule is equivalent to:",The precision in training set.,The recall in training set.,The accuracy in training set.,None of the above.,,,d,Data Mining - Quiz 5,association rules and Apriori,24,,hard,real_submission_wrong_rate,hard,MULTIPLE_CHOICE,weighted_wrong_rate=0.883; raw_wrong_rate=0.892; n=111,0.8918918918918919,0.8833333333333334,111.0,hard
data-mining-q5,26,26,"A teacher wants to detect cheating students in a quiz through association rule mining, which approach could be used? Here the item is a combination (Question, Answer).","Identifying itemsets of correct (Question, Answer) pairs.","Identifying itemsets of incorrect (Question, Answer) pairs.","Cheating involves using ChatGPT, not copying from peers, and is undetectable with association rule mining.",None of the above.,,,b,Data Mining - Quiz 5,association rules and Apriori,27,,easy,real_submission_wrong_rate,hard,MULTIPLE_CHOICE,weighted_wrong_rate=0.249; raw_wrong_rate=0.241; n=112,0.24107142857142858,0.24867673005293078,112.0,hard
data-mining-q5,27,27,A teacher aims to analyze dependent concepts that hinder understanding of a target concept by analyzing students' quiz answers. Which approach could be effective?,"Identify high confidence rules where the antecedent is an incorrect answer to a question of the target concept, and the consequent is incorrect answers to questions of prerequisite concepts.","Identify high confidence rules where the consequent is an incorrect answer to a question of the target concept, and the antecedent t is incorrect answers to questions of prerequisite concepts.","Identify high confidence rules where the antecedent is an correct answer to a question of the target concept, and the consequent is incorrect answers to questions of prerequisite concepts.",None of the above.,,,b,Data Mining - Quiz 5,association rules and Apriori,24,,medium,real_submission_wrong_rate,hard,MULTIPLE_CHOICE,weighted_wrong_rate=0.435; raw_wrong_rate=0.455; n=112,0.45535714285714285,0.4350127425994903,112.0,hard
data-mining-q5,28,28,"Given a rule X⇒Y with Confidence(X⇒Y) > minConf and Support(Y) = 100%, what does this indicate?",This rule is ineffective because knowing X doesn't provide additional information about Y.,This rule is valuable due to its high confidence.,This rule is ineffective because it appears in all transactions.,None of the above.,,,a,Data Mining - Quiz 5,association rules and Apriori,16,,medium,real_submission_wrong_rate,hard,MULTIPLE_CHOICE,weighted_wrong_rate=0.366; raw_wrong_rate=0.387; n=111,0.38738738738738737,0.3661094074587001,111.0,hard
data-mining-q5,29,29,"We have a dataset of transactions, with each transaction associated with a specific customer. What is the most effective method for suggesting personalized products based on the customer's historical purchases?",Extract rules having high confidence from the whole dataset.,Extract rules having high confidence from the dataset that contains only the transaction of this specific customer.,Extract rule having high confidence from the dataset that contains only the transaction of this specific customer if the number of the customer transaction exceeds a threshold otherwise extract the association rules from the entire dataset.,None of the above.,,,c,Data Mining - Quiz 5,association rules and Apriori,30,,medium,real_submission_wrong_rate,hard,MULTIPLE_CHOICE,weighted_wrong_rate=0.317; raw_wrong_rate=0.330; n=112,0.33035714285714285,0.31689864732405404,112.0,hard
data-mining-q5,30,30,"When we combine frequent K-itemsets to construct (K+1)-itemsets, which of the following statements is accurate?",It is possible that some generated (K+1)-itemsets can be pruned because they may contain some infrequent K-itemsets.,"Because we merged frequent itemsets, all the (K+1)-itemsets will be frequent.",We cannot prune any (K+1)-itemset without calculating its support.,None of the above.,,,a,Data Mining - Quiz 5,association rules and Apriori,15,,easy,real_submission_wrong_rate,hard,MULTIPLE_CHOICE,weighted_wrong_rate=0.136; raw_wrong_rate=0.143; n=112,0.14285714285714285,0.1362477945500882,112.0,hard
