quiz_id,source_quiz_id,question_number,source_question_number,question_text,topic,subtopic,correct,difficulty,difficulty_source,difficulty_reason,choice_a,choice_b,choice_c,choice_d,choice_e,choice_f
os-real,ai224-q01,1,1,Choose the right definition of an operating system,Operating Systems,ai224-q01,a,medium,os_ite_inferred_score_key,wrong_rate=0.315; n=270; key inferred exactly from total scores,Is a system software that manages computer resources and provides virtual environment for computer users to run software applications and programs.,Is a system software that manages hardware resources and provides virtual environment for computer users to run software applications and programs.,Is a system software that manages logical resources and provides virtual environment for computer users to run software applications and programs.,Is an application software that manages hardware resources and provides virtual environment for computer users to run software applications and programs.,Is an application software that manages logical resources and provides virtual environment for computer users to run software applications and programs.,Is an application software that manages computer resources and provides virtual environment for computer users to run software applications and programs.
os-real,ai224-q01,2,2,"Operating Systems deal with hardware and software (a.k.a, logical) resources. Which among the following is a logical resource:",Operating Systems,ai224-q01,a,easy,os_ite_inferred_score_key,wrong_rate=0.067; n=270; key inferred exactly from total scores,"Network connection (i.e., active socket)","Processor, Network connection (i.e., active socket)","Network connection (i.e., active socket), Webcam","Processor, Hard disk drive, Network connection (i.e., active socket)","Processor, Hard disk drive, Network connection (i.e., active socket), Webcam","Processor, Hard disk drive, Network card, Network connection (i.e., active socket), Webcam"
os-real,ai224-q01,3,3,Select the correct statement. On modern computer systems with 5TB hard disk:,Operating Systems,ai224-q01,a,easy,os_ite_inferred_score_key,wrong_rate=0.063; n=270; key inferred exactly from total scores,The kernel is loaded by the bootstrap loader. The latter is loaded by the UEFI.,The kernel is loaded by the bootstrap loader. The latter is loaded by the BIOS.,The kernel is loaded by the BIOS. The latter is loaded by the bootstrap loader.,The kernel is loaded by the UEFI. The latter is loaded by the bootstrap loader.,,
os-real,ai224-q01,4,4,Is the GNU/Linux operating system's kernel the same as AT&T's Unix kernel?,Operating Systems,ai224-q01,a,easy,os_ite_inferred_score_key,wrong_rate=0.037; n=270; key inferred exactly from total scores,"No, it is not.","Yes, it is.",,,,
os-real,ai224-q01,5,5,Which operating system was the first multi-tasking operating system that was used by companies on mini-computers?,Operating Systems,ai224-q01,a,easy,os_ite_inferred_score_key,wrong_rate=0.207; n=270; key inferred exactly from total scores,Unix,Multics,Windows 95,BSD,GNU/Linux,
os-real,ai224-q01,6,6,"If a CPU is featured with a clock speed (i.e., number of cycles per second) of 4GHz, then how many operations per second can be executed in this computer.",Operating Systems,ai224-q01,a,easy,os_ite_inferred_score_key,wrong_rate=0.011; n=270; key inferred exactly from total scores,Around 4 billion operations per second.,Around 4 million operations per second.,,,,
os-real,ai224-q01,7,7,"If a CPU is featured with a clock speed of 3.2GHz, and an average IPC of 10. Then how many instructions, on average, can this CPU execute per second.",Operating Systems,ai224-q01,a,easy,os_ite_inferred_score_key,wrong_rate=0.019; n=270; key inferred exactly from total scores,32 billion ips,3.2 billion ips,32 ips,,,
os-real,ai224-q01,8,8,"Consider a multi-processors system. How many logical cores are there in the system if there are two CPU sockets, 4 cores per socket, and 1 thread per core?",Operating Systems,ai224-q01,a,easy,os_ite_inferred_score_key,wrong_rate=0.004; n=270; key inferred exactly from total scores,8,4,,,,
os-real,ai224-q01,9,9,"Consider a multi-processors system. How many physical cores are there in the system if there are two CPU sockets, 2 cores per socket, and 2 thread per core?",Operating Systems,ai224-q01,a,easy,os_ite_inferred_score_key,wrong_rate=0.037; n=270; key inferred exactly from total scores,4,8,2,,,
os-real,ai224-q01,10,10,Which among the following operating systems is used on an ATM machine?,Operating Systems,ai224-q01,a,easy,os_ite_inferred_score_key,wrong_rate=0.078; n=270; key inferred exactly from total scores,Embedded operating system,Real-time operating system,Distributed operating system,,,
os-real,ai224-q02,11,1,"When a running process issues a system call to perform a print out on the monitor (e.g., its' code executed printf(""Hello, World!"");), the process:",Operating Systems,ai224-q02,a,easy,os_ite_inferred_score_key,wrong_rate=0.025; n=278; key inferred exactly from total scores,Gets blocked in the blocked-queue till the I/O operation completes.,Gets suspended and swapped out till the I/O operation completes.,Remains on the CPU and runs the next instruction.,,,
os-real,ai224-q02,12,2,The fork() is a system call that when used by a process:,Operating Systems,ai224-q02,a,easy,os_ite_inferred_score_key,wrong_rate=0.007; n=278; key inferred exactly from total scores,Asks the kernel to create a child process.,Asks the kernel to update the process PCB.,,,,
os-real,ai224-q02,13,3,"What does it mean, fake concurrency?",Operating Systems,ai224-q02,a,easy,os_ite_inferred_score_key,wrong_rate=0.054; n=278; key inferred exactly from total scores,Processes run in a time-sharing fashion within a single-core CPU giving the impression to the user that they are running in parallel.,Processes run in a time-sharing fashion within a multi-core CPU giving the impression to the user that they are running in parallel.,Processes run in a time-sharing fashion within a single-core CPU giving the impression to the user that they are running in sequentially..,,,
os-real,ai224-q02,14,4,"How many times the message ""Welcome to ENSIA"" gets printed, assuming that execl() does not fail?",Operating Systems,ai224-q02,a,medium,os_ite_inferred_score_key,wrong_rate=0.403; n=278; key inferred exactly from total scores,1,Infinite,2,0,16,4
os-real,ai224-q02,15,5,"When C++ program executes the following two instruction statements:

fstream afile; 
afile.open(""file.dat"", ios::out | ios::in );

What happens at the CPU level?",Operating Systems,ai224-q02,a,easy,os_ite_inferred_score_key,wrong_rate=0.058; n=278; key inferred exactly from total scores,A software interrupt will take place due to a system call and a file management interrupt handler will be executed.,A software interrupt will take place due to an exception and a file management interrupt handler will be executed.,None of the above.,A hardware interrupt will take place following a request from the program..,The CPU creates the file and the program carries on execution.,
os-real,ai224-q02,16,6,"When the CPU detects that a hardware interrupt is requested,  and the corresponding handler must be executed, then where does the CPU grabs the address of the first instruction of that handler from?",Operating Systems,ai224-q02,a,easy,os_ite_inferred_score_key,wrong_rate=0.043; n=278; key inferred exactly from total scores,It finds it in a dedicated data structure in RAM.,It finds it in one of its registers.,It find it its cache memory L2.,It finds it in the hard drive.,,
os-real,ai224-q02,17,7,"Assume that kernel has allocated memory space to a process from [0x411000] to [415000] to use it for its execution. What happens, if this same process tries accessing the memory location at [0x415006]",Operating Systems,ai224-q02,a,easy,os_ite_inferred_score_key,wrong_rate=0.022; n=278; key inferred exactly from total scores,An exception caused interrupt.,A hardware interrupt.,A system call caused interrupt.,,,
os-real,ai224-q02,18,8,What is context-switching?,Operating Systems,ai224-q02,a,easy,os_ite_inferred_score_key,wrong_rate=0.029; n=278; key inferred exactly from total scores,"The mechanism of interrupting a process, saving its registers from the CPU, loading the CPU with new content from a different process, and then executing the new process.",The mechanism of interrupting a process to execute an interrupt handler and then resuming the interrupted process.,The mechanism of interrupting a process to execute an interrupt handler and then terminating the process..,"The mechanism of interrupting a process, saving it PC value, and loading it with interrupt handler's PC value for its execution.",,
os-real,ai224-q02,19,9,The following CISC x-86 assembly code is to be run on an Intel 8086 microprocessor. It crashes when executed. At which instruction address does it crash?,Operating Systems,ai224-q02,a,medium,os_ite_inferred_score_key,wrong_rate=0.302; n=278; key inferred exactly from total scores,[0xE412A],[0xE4128],Does not crash,[0xE4129],[0xE4127],[0xE412B]
os-real,ai224-q02,20,10,What is the difference between the Instruction Pointer register (IP) and the Program Counter register (PC).,Operating Systems,ai224-q02,a,easy,os_ite_inferred_score_key,wrong_rate=0.090; n=278; key inferred exactly from total scores,They are the same.,"PC is used to point to the next instruction, while the IP is used to store an instruction address.",None of the above.,"PC is used to count instructions, while IP is used to point to the next instruction.",,
os-real,ai224-q03,21,1,Do all interrupt cause a context-switching?,Operating Systems,ai224-q03,a,easy,os_ite_inferred_score_key,wrong_rate=0.008; n=266; key inferred exactly from total scores,"No, some of them.","Yes, all of them.",,,,
os-real,ai224-q03,22,2,Which among the following is not shared between threads of a main process?,Operating Systems,ai224-q03,a,easy,os_ite_inferred_score_key,wrong_rate=0.011; n=266; key inferred exactly from total scores,Stack segment.,Data segment.,Heap segment.,Code segment.,,
os-real,ai224-q03,23,3,What is the difference between a process and a thread?,Operating Systems,ai224-q03,a,easy,os_ite_inferred_score_key,wrong_rate=0.000; n=266; key inferred exactly from total scores,Thread is a lightweight process.,,,,,
os-real,ai224-q03,24,4,A thread is of type XXX if the operating system is aware of its existence and it is scheduled as a unit for execution. What is XXX?,Operating Systems,ai224-q03,a,easy,os_ite_inferred_score_key,wrong_rate=0.008; n=266; key inferred exactly from total scores,Kernel-level thread.,User-level thread.,,,,
os-real,ai224-q03,25,5,"To access the memory and read content without involving the CPU and wasting its cycles, a computer relies on:",Operating Systems,ai224-q03,a,easy,os_ite_inferred_score_key,wrong_rate=0.004; n=266; key inferred exactly from total scores,DMA controller.,Registers.,,,,
os-real,ai224-q03,26,6,"When a new device is used on your computer and your computer does not recognizes it, the new device would issue spurious interrupts. Then, we should:",Operating Systems,ai224-q03,a,easy,os_ite_inferred_score_key,wrong_rate=0.015; n=266; key inferred exactly from total scores,Install device driver to register interrupt handlers for that device.,Mask the new device's interrupts.,,,,
os-real,ai224-q03,27,7,"Given a process with 50 children (processes). Each child process is programmed to connect to a remote database and search for an information. The parent terminates all the children if one of the children finds the information and notifies the parent with a value 100 (by executing exit(100)). The parent uses wait(&val) to the get the notification of the processes, reads the value K=WEXITSTATUS(val), and terminates the other processes (using kill()). How can the parent process obtain the PID of the process that has found the information (if (K==100) that's the one)?",Operating Systems,ai224-q03,a,easy,os_ite_inferred_score_key,wrong_rate=0.060; n=266; key inferred exactly from total scores,Get it as a return value of wait().,Ask the child to send it PID along with val.,Ask the operating system by issuing the system call getpid().,Use macro WIFEXITED(val),Ask the operating system by issuing the system call getppid().,
os-real,ai224-q03,28,8,"In a 3.5GHz CPU, after each clock cycle there is a timer interrupt?",Operating Systems,ai224-q03,a,easy,os_ite_inferred_score_key,wrong_rate=0.026; n=266; key inferred exactly from total scores,"No. For 3.5GHz, we may have an interrupt each 10 ms.","Yes. For 3.5GHz, we may have 3.5 billion timer interrupt per second.",,,,
os-real,ai224-q03,29,9,"If a process issues an I/O operating, and was put in the blocked-queue. Then, after a DMA completion for that I/O operation, the process is placed in:",Operating Systems,ai224-q03,a,easy,os_ite_inferred_score_key,wrong_rate=0.023; n=266; key inferred exactly from total scores,Ready queue.,Blocked queue.,Suspended ready queue.,Suspended blocked queue.,,
os-real,ai224-q03,30,10,"How many processes will be displaying the message ""Hello Students"" when running this program, considering any possible optimization?",Operating Systems,ai224-q03,a,medium,os_ite_inferred_score_key,wrong_rate=0.372; n=266; key inferred exactly from total scores,2,3,4,1,,
os-real,ai224-q04,31,1,"In Exercise 2 of Lab 4. If we had only two processes instead of three, what could be the minimal value stored in the file nums at when both processes terminate?",Operating Systems,ai224-q04,a,medium,os_ite_inferred_score_key,wrong_rate=0.454; n=269; key inferred exactly from total scores,2,5000,0,1,,
os-real,ai224-q04,32,2,What is a critical section?,Operating Systems,ai224-q04,a,easy,os_ite_inferred_score_key,wrong_rate=0.015; n=269; key inferred exactly from total scores,A region in a program were a resource is mutually exclusive accessed.,A region in a program where processes can execute at the same time.,A region in a program where processes perform critical tasks.,,,
os-real,ai224-q04,33,3,Why spinlocks are not recommended when the critical section is long?,Operating Systems,ai224-q04,a,easy,os_ite_inferred_score_key,wrong_rate=0.015; n=269; key inferred exactly from total scores,Because CPU cycles would be wasted.,Because CPU would perform more computations.,Because processes will wait longer.,,,
os-real,ai224-q04,34,4,What do we mean by busy waiting?,Operating Systems,ai224-q04,a,easy,os_ite_inferred_score_key,wrong_rate=0.007; n=269; key inferred exactly from total scores,It means that processes would continuously test for the availability of the lock.,It means that a process keeps the lock for the entire critical section.,It means that processes without the lock wait for the critical section to be unlocked.,,,
os-real,ai224-q04,35,5,"When a process is executing a critical section, can it be interrupted?",Operating Systems,ai224-q04,a,easy,os_ite_inferred_score_key,wrong_rate=0.074; n=269; key inferred exactly from total scores,"Yes, it can be.","No, it cannot be.",,,,
os-real,ai224-q04,36,6,"In a uniprocessor system, if a process that is holding a spinlock M gets interrupted by an interrupt to execute a routine which in turn tries to acquire the lock M, then what would happen?",Operating Systems,ai224-q04,a,easy,os_ite_inferred_score_key,wrong_rate=0.071; n=269; key inferred exactly from total scores,System gets stuck.,The handler would just exit and return control to the interrupted process.,The process will release the lock for the handler as it has a higher priority.,Nothing happens.,,
os-real,ai224-q04,37,7,"If a process that is holding a spinlock M tries to acquire it again, then what would happen?",Operating Systems,ai224-q04,a,easy,os_ite_inferred_score_key,wrong_rate=0.059; n=269; key inferred exactly from total scores,It will get stuck.,It will wait for another process to release the lock M.,It will just enter the second critical section.,It will be terminated.,,
os-real,ai224-q04,38,8,Could we use four boolean variables to solve the critical section problem involving  two processes?,Operating Systems,ai224-q04,a,medium,os_ite_inferred_score_key,wrong_rate=0.420; n=269; key inferred exactly from total scores,"Yes, it is possible.","No, it is not possible. It would violate mutual exclusion.","No, it is not possible. It would result in a deadlock.",,,
os-real,ai224-q04,39,9,"Considering two processes P1 and P2. If we wanted to define an execution order between the different instructions of P1 and P2, then which style of semaphore usage you would apply?",Operating Systems,ai224-q04,a,easy,os_ite_inferred_score_key,wrong_rate=0.052; n=269; key inferred exactly from total scores,Waiting style.,Mutual exclusion style.,,,,
os-real,ai224-q04,40,10,"Identify critical regions in the following two processes:
Process 1: 
(a) b = r + 4;
(b) c = x * b;
(c) a = a % b;
(d) a = y - 55;
Process 2:
(e) y = t - p;
(f) x = x + 3;
(g) t = u * x;
(h) h= x* r + y;",Operating Systems,ai224-q04,a,easy,os_ite_inferred_score_key,wrong_rate=0.286; n=269; key inferred exactly from total scores,"(b), (f), (d), (e)","(h), (b), (f), (d), (e), (g)","(a), (h), (b), (f), (d), (e), (g)","(b), (f)","(a), (h), (b), (f), (d)","(d), (e)"
os-real,ai224-q05,41,1,We can use CoBegin/CoEnd programming construct to represent any arbitrary process precedence graph.,Operating Systems,ai224-q05,a,easy,os_ite_inferred_score_key,wrong_rate=0.079; n=265; key inferred exactly from total scores,False.,True.,,,,
os-real,ai224-q05,42,2,Consider the following code for the multiple Readers/Writers problem. Choose the suitable statement.,Operating Systems,ai224-q05,a,easy,os_ite_inferred_score_key,wrong_rate=0.038; n=265; key inferred exactly from total scores,This code allows only one reader to read or only one writer to write at a given time.,This code allows multiple readers to read or only one writer to write at a given time.,This code allows multiple readers to read or multiple writer to write at a given time.,This code allows only one reader to read or multiple writers to write at a given time.,,
os-real,ai224-q05,43,3,"In the classical synchronization problem, readers have priority means that if a writer is currently writing and a new readers arrives to the system, the the writer is preempted so that the readers can start reading.",Operating Systems,ai224-q05,a,easy,os_ite_inferred_score_key,wrong_rate=0.008; n=265; key inferred exactly from total scores,False.,True.,,,,
os-real,ai224-q05,44,4,"In the classical synchronization problem, readers have priority means that if some writers are waiting while some readers are reading, then new readers can join the active readers and start reading while overlooking the waiting writers.",Operating Systems,ai224-q05,a,easy,os_ite_inferred_score_key,wrong_rate=0.015; n=265; key inferred exactly from total scores,True.,False.,,,,
os-real,ai224-q05,45,5,"Without using busy-waiting (i.e., looping over a boolean or an integer) or merging codes, what is the minimum number of semaphores that can be used to enforce the following process precedence graph?",Operating Systems,ai224-q05,a,easy,os_ite_inferred_score_key,wrong_rate=0.143; n=265; key inferred exactly from total scores,3,4,2,5,,
os-real,ai224-q05,46,6,A critical section region consists of a set of instruction statements that must be executed atomically.,Operating Systems,ai224-q05,a,medium,os_ite_inferred_score_key,wrong_rate=0.460; n=265; key inferred exactly from total scores,False.,True.,,,,
os-real,ai224-q05,47,7,"Consider the following assembly code implementing a test and set instruction in an Intel processor:

MOV AL, 0
Shell XCHG [0XF555], AL
TEST AL, AL 
JNZ Shell
<Critical Region>
MOV [0xF555], 1",Operating Systems,ai224-q05,a,medium,os_ite_inferred_score_key,wrong_rate=0.377; n=265; key inferred exactly from total scores,This code violates mutual exclusion.,This code violates bounded-waiting.,This code works fine.,This code violates progress.,,
os-real,ai224-q05,48,8,Why there is no guarantee that Peterson's solution would not work properly on modern CPUs?,Operating Systems,ai224-q05,a,easy,os_ite_inferred_score_key,wrong_rate=0.064; n=265; key inferred exactly from total scores,Because certain CPUs may execute certain instructions before others.,Because modern computers have multiple cores.,Because Peterson's algorithm uses busy-waiting.,Because modern CPUs do not run busy-waiting.,,
os-real,ai224-q05,49,9,"A shared variable k, initialized to zero (i.e., k=0), is operated on by four concurrent processes P1, P2, P3, P4 as follows. Each of the processes P1 and P2 reads k from memory, increments by one, stores it to memory and then terminates. Each of the processes P3 and P4 reads k from memory, decrements by two, stores it to memory, and then terminates. Each process before reading k invokes the P(.) on a counting semaphore S and invokes the V(.) on the semaphore S after storing k to memory. The semaphore S is initialized to two (i.e., S=2). What is the minimum possible value of k after all processes complete execution? Note that the two primitives P(.) and V(.) are implemented as in Slide 54 of Lecture 5.",Operating Systems,ai224-q05,a,easy,os_ite_inferred_score_key,wrong_rate=0.283; n=265; key inferred exactly from total scores,-4,-2,4,2,,
os-real,ai224-q05,50,10,"A shared variable k, initialized to zero (i.e., k=0), is operated on by four concurrent processes P1, P2, P3, P4 as follows. Each of the processes P1 and P2 reads k from memory, increments by one, stores it to memory and then terminates. Each of the processes P3 and P4 reads k from memory, decrements by two, stores it to memory, and then terminates. Each process before reading k invokes the P(.) on a counting semaphore S and invokes the V(.) on the semaphore S after storing k to memory. The semaphore S is initialized to two (i.e., S=2). What is the maximum possible value of k after all processes complete execution? Note that the two primitives P(.) and V(.) are implemented as in Slide 54 of Lecture 5.",Operating Systems,ai224-q05,a,easy,os_ite_inferred_score_key,wrong_rate=0.136; n=265; key inferred exactly from total scores,2,-2,-1,1,,
os-real,ai224-q09,51,1,"Assuming a system that does not apply neither deadlock avoidance nor deadlock prevention. Considering the current state of the system, and that process P0 requests 3 resources of type R1. Figure out whether the system remains in a safe state or not?",Operating Systems,ai224-q09,a,easy,os_ite_inferred_score_key,wrong_rate=0.163; n=246; key inferred exactly from total scores,"Yes, it remains in a safe sate.","No, becomes deadlocked.",,,,
os-real,ai224-q09,52,2,A system uses an 64 bit address bus to communicate with a byte-addressable central memory (RAM). What would be the total amount of memory space that can be addressed?,Operating Systems,ai224-q09,a,easy,os_ite_inferred_score_key,wrong_rate=0.016; n=246; key inferred exactly from total scores,16 EB,16 KB,16 TB,16 PB,16 MB,
os-real,ai224-q09,53,3,Tape drives are magnetic storage devices that are used for archiving data. They are generally featured with a large storage capacity. What is the main issue with tape drives.,Operating Systems,ai224-q09,a,easy,os_ite_inferred_score_key,wrong_rate=0.004; n=246; key inferred exactly from total scores,Tape drives are accessed sequentially (rewind to access previous data).,Tape drives readers are not available in the market nowadays.,,,,
os-real,ai224-q09,54,4,How do modern computers try to regulate the speed mismatch between the CPU and the central memory?,Operating Systems,ai224-q09,a,easy,os_ite_inferred_score_key,wrong_rate=0.020; n=246; key inferred exactly from total scores,They embed CPUs with static cache memory to decrease memory access time.,They use DMA to relax CPU from slow data transfer from and to I/O devices.,They overclock the CPUs to run faster than normal.,,,
os-real,ai224-q09,55,5,How does a computer ensure that multiple concurrent processes do not try to access memory locations that is not shared with them or that is not theirs?,Operating Systems,ai224-q09,a,easy,os_ite_inferred_score_key,wrong_rate=0.264; n=246; key inferred exactly from total scores,A special hardware is used for that.,"The operating system, through a module, ensures that.",,,,
os-real,ai224-q09,56,6,"Considering a computer architecture that uses base and limit registers to define the physical memory space occupied by a given process. 
 
A process, P1, tries to run the following instruction MOV CX, [0xCF008532]. The base register for this process is set to  [0xCA004533] and the limit register is [0x05004000]. Will there be a trap?",Operating Systems,ai224-q09,a,hard,os_ite_inferred_score_key,wrong_rate=0.736; n=246; key inferred exactly from total scores,No.,Yes.,Don't know.,,,
os-real,ai224-q09,57,7,"In which of the following cases, the logical addresses of a program are the same as the physical addresses?",Operating Systems,ai224-q09,a,easy,os_ite_inferred_score_key,wrong_rate=0.024; n=246; key inferred exactly from total scores,In a system that performs address binding at compilation time.,In a system that performs address binding at execution time.,In a system that performs address binding at loading time.,,,
os-real,ai224-q09,58,8,"In a system that uses load time address binding, the logical address space of two identical programs would be the same?",Operating Systems,ai224-q09,a,easy,os_ite_inferred_score_key,wrong_rate=0.248; n=246; key inferred exactly from total scores,True.,False.,,,,
os-real,ai224-q09,59,9,"In a 32-bit operating system, what is the possible logical address space for each program?",Operating Systems,ai224-q09,a,easy,os_ite_inferred_score_key,wrong_rate=0.008; n=246; key inferred exactly from total scores,4 GB,4 KB,4 MB,,,
os-real,ai224-q09,60,10,"In a 16 bit operating system that uses contiguous memory allocation with address binding being performed at load time with multiple variable size partition allocation mechanism, what is the maximum size of a program to be executed in such system?",Operating Systems,ai224-q09,a,easy,os_ite_inferred_score_key,wrong_rate=0.041; n=246; key inferred exactly from total scores,64 KB,16 KB,64 MB,8 MB,16 MB,
os-real,ai224-q11,61,1,"When three-level paging is used, the validity bit set to 1 in a page table entry indicates that the requested page is not part of the process virtual space?",Operating Systems,ai224-q11,a,easy,os_ite_inferred_score_key,wrong_rate=0.031; n=225; key inferred exactly from total scores,No.,Yes.,"Yes., No.",,,
os-real,ai224-q11,62,2,"When the operating system needs to free a memory frame to host a missing page for a running process, it runs:",Operating Systems,ai224-q11,a,easy,os_ite_inferred_score_key,wrong_rate=0.049; n=225; key inferred exactly from total scores,A page replacement algorithm.,A page fault handler.,A swapper.,A segment fault handler.,,
os-real,ai224-q11,63,3,Consider a system that uses paging with page size set to  4KB. Which of the following reference strings corresponds to the below traced logical addresses sequence?,Operating Systems,ai224-q11,a,easy,os_ite_inferred_score_key,wrong_rate=0.209; n=225; key inferred exactly from total scores,0,"1, 4, 1, 6, 1, 6, 1, 6, 1, 6, 1","1, 4, 1, 6, 1, 1, 1, 1, 6, 1, 1, 1, 1, 6, 1, 1, 1, 1, 6, 1, 1","0, 32, 1, 12, 2, 3, 4, 1, 11, 2, 3, 4, 1, 10, 2, 3, 4, 1, 9, 2, 5",,
os-real,ai224-q11,64,4,"Consider the following reference string: 7, 0, 1, 2, 0, 3, 0, 4, 2, 3, 0, 3, 2, 1, 2, 0, 1, 7, 0, 1. By applying FIFO page replacement algorithm, how many page faults are generated if the currently available frames is 4 and the current content is 7, 0, 1, and 4, where the order of arrival of the frames is 0, 7, 4, and then 1.",Operating Systems,ai224-q11,a,easy,os_ite_inferred_score_key,wrong_rate=0.142; n=225; key inferred exactly from total scores,8,6,10,9,7,5
os-real,ai224-q11,65,5,"Consider the following reference string: 3, 7, 8, 9, 6, 5, 2, 3, 4, 5, 0, 9, 1, 2, 8, 7, 3, 4, 5, 2. By applying LRU page replacement algorithm, how many page faults are generated if the currently available frames is 5. Initially, the frames are empty.",Operating Systems,ai224-q11,a,easy,os_ite_inferred_score_key,wrong_rate=0.240; n=225; key inferred exactly from total scores,19,18,17,15,16,20
os-real,ai224-q11,66,6,"Consider the following reference string: 3, 7, 8, 9, 6, 5, 2, 3, 4, 5, 0, 9, 1, 2, 8, 7, 3, 4, 5, 2. By applying OPT page replacement algorithm, how many page faults are generated if the currently available frames is 2. Initially, the frames are empty.",Operating Systems,ai224-q11,a,easy,os_ite_inferred_score_key,wrong_rate=0.289; n=225; key inferred exactly from total scores,17,20,18,19,15,16
os-real,ai224-q11,67,7,"Consider the following reference string: 3, 7, 8, 9, 6, 5, 2, 3, 4, 5, 0, 9, 1, 2, 8, 7, 3, 4, 5, 2. By applying FIFO page replacement algorithm, how many page faults are generated if the currently available frames is 7. Initially, the frames are empty.",Operating Systems,ai224-q11,a,easy,os_ite_inferred_score_key,wrong_rate=0.111; n=225; key inferred exactly from total scores,15,16,17,19,18,20
os-real,ai224-q11,68,8,Thrashing is a paging paradigm that occurs when global page replacement algorithms are used.,Operating Systems,ai224-q11,a,easy,os_ite_inferred_score_key,wrong_rate=0.147; n=225; key inferred exactly from total scores,False.,True.,,,,
os-real,ai224-q11,69,9,"Consider an operating system that applies segmentation scheme to manage the central memory. The picture below depicts the virtual segments of a process and its related segment table. If the process tries to execute the instruction MOV AX, [0x30224], where s=3 and d=0224. What would be the physical address?",Operating Systems,ai224-q11,a,easy,os_ite_inferred_score_key,wrong_rate=0.244; n=225; key inferred exactly from total scores,0xB0224,Segmentation fault,0xD0224,0xE0224,0x10224,0x30224
os-real,ai224-q11,70,10,Consider the following configuration. We assume that process P is running and its STBR=0x0600. The program tries to access the memory location 0x040444. What happens?,Operating Systems,ai224-q11,a,hard,os_ite_inferred_score_key,wrong_rate=0.853; n=225; key inferred exactly from total scores,Segment and page faults,Segmentation fault,Page fault,Segment fault,Segmentation and page faults,Access to the memory without faults
os-real,ai224-q10,71,1,"In which of the following memory management schemes, the mechanisms of base and limit registers are used?",Operating Systems,ai224-q10,a,easy,os_ite_inferred_score_key,wrong_rate=0.121; n=248; key inferred exactly from total scores,Multiple variable partitions scheme.,Single-partition scheme.,Multiple static partitions scheme.,Paging.,,
os-real,ai224-q10,72,2,MacOS X 64 bit operating system uses 16384 bytes as page size. How many bits are used for the offset part of the physical address?,Operating Systems,ai224-q10,a,easy,os_ite_inferred_score_key,wrong_rate=0.020; n=248; key inferred exactly from total scores,14,16,50,,,
os-real,ai224-q10,73,3,"A computer system generates logical address on 32 bit. The logical address are divided into two parts. The first part, 12 bits, is used for page numbering, and the second part, 20 bits, is used as displacement. What is the size of a frame in the physical memory?",Operating Systems,ai224-q10,a,easy,os_ite_inferred_score_key,wrong_rate=0.016; n=248; key inferred exactly from total scores,1MB,1GB,4KB,,,
os-real,ai224-q10,74,4,"On a 16 bits operating system that uses paging (a.k.a., single-level paging) with page size 4KB. What would be the size of a page table for a 256MB program if one page table entry is 8 bytes?",Operating Systems,ai224-q10,a,medium,os_ite_inferred_score_key,wrong_rate=0.415; n=248; key inferred exactly from total scores,128 bytes,512 KB,4KB,64 KB,16 KB,
os-real,ai224-q10,75,5,"Consider a 16 bit operating system. What is the physical address that corresponds to the logical address 
0010 1000 0010 0001 for Process 1, if the page size is 4KB?",Operating Systems,ai224-q10,a,easy,os_ite_inferred_score_key,wrong_rate=0.109; n=248; key inferred exactly from total scores,0x1821,0xD821,0xB821,0xE821,,
os-real,ai224-q10,76,6,"Consider a 16 bit operating system. What is the physical address that corresponds to the logical address 
0010 0100 0010 1111 for Process 2, if the page size is 4KB?",Operating Systems,ai224-q10,a,easy,os_ite_inferred_score_key,wrong_rate=0.101; n=248; key inferred exactly from total scores,0xDF2F,0x742F,0xC42F,0xE82F,,
os-real,ai224-q10,77,7,"A process of 34,816 bytes is run on a system that uses paging with page size equal to 2KB. What would be the amount of internal fragmentation (wasted space)?",Operating Systems,ai224-q10,a,easy,os_ite_inferred_score_key,wrong_rate=0.081; n=248; key inferred exactly from total scores,0KB,1KB,2KB,,,
os-real,ai224-q10,78,8,What is the purpose of using TLB cache?,Operating Systems,ai224-q10,a,easy,os_ite_inferred_score_key,wrong_rate=0.036; n=248; key inferred exactly from total scores,To speed up the translation of logical addresses to physical addresses with a certain hit ratio.,To speed up the translation of logical addresses to virtual addresses with a certain hit ratio.,To speed up the translation of relocatable addresses to virtual addresses with a certain hit ratio.,To speed up the translation of linear addresses to relocatable addresses with a certain hit ratio.,To speed up the translation of physical addresses to logical addresses with a certain hit ratio.,
os-real,ai224-q10,79,9,A 256MB program consists of 32 pages. The program tries accessing an address located on page number 44. What will happen?,Operating Systems,ai224-q10,a,easy,os_ite_inferred_score_key,wrong_rate=0.044; n=248; key inferred exactly from total scores,Program crashes since the page in not valid.,Page fault since the page is not in the memory.,The program is allocated a new frame to host Page 44.,The page is loaded in the program accesses the page.,,
os-real,ai224-q10,80,10,"Select the correct statement: If two threads share some pages, then:",Operating Systems,ai224-q10,a,easy,os_ite_inferred_score_key,wrong_rate=0.040; n=248; key inferred exactly from total scores,The threads will have some page table entries that point to the same physical address.,The threads will have the same logical address space.,The threads will have the same page table.,The threads will have the same physical address space.,,
ite-real,ite-q02,1,1,The following C++ code contains a mistake. What type of mistake would the compiler raise?,Introduction to Engineering/IT,ite-q02,a,medium,os_ite_inferred_score_key,wrong_rate=0.622; n=296; key inferred exactly from total scores,Semantic error,Syntax error,Linking error,No errors,Library error,
ite-real,ite-q02,2,2,"Suppose you are running a C++ program that uses a library to perform some tasks. If the library gets updated in the system, will your code execute the updated version of the library?",Introduction to Engineering/IT,ite-q02,a,easy,os_ite_inferred_score_key,wrong_rate=0.230; n=296; key inferred exactly from total scores,It depends on the library.,"Yes, it will.","No, it won't.",,,
ite-real,ite-q02,3,3,"When run the compiler, the three steps of compilation, assembly, and linking always occur.",Introduction to Engineering/IT,ite-q02,a,medium,os_ite_inferred_score_key,wrong_rate=0.311; n=296; key inferred exactly from total scores,False,True,,,,
ite-real,ite-q02,4,4,The following code was written using C++. Check the correct statement.,Introduction to Engineering/IT,ite-q02,a,medium,os_ite_inferred_score_key,wrong_rate=0.328; n=296; key inferred exactly from total scores,This program may crash during execution.,This program is correct and will work properly.,This program will not compile.,This program will not debug.,,
ite-real,ite-q02,5,5,"The frequency of a CPU dictates (note, there is one best answer — find it):",Introduction to Engineering/IT,ite-q02,a,medium,os_ite_inferred_score_key,wrong_rate=0.314; n=296; key inferred exactly from total scores,The average number of clock cycles the CPU can exploit to do something per second,The average number of operations a CPU can execute per second,The average amount of information we can process per second,The average number of CISC operations a CPU can execute per second,,
ite-real,ite-q02,6,6,Which of the following is not a feature of CPU?,Introduction to Engineering/IT,ite-q02,a,easy,os_ite_inferred_score_key,wrong_rate=0.236; n=296; key inferred exactly from total scores,Number of transistors in the CPU,Instruction per clock cycle,"The internal memory (registers, and the L1, L2, and L3 caches)",Number of threads per CPU core,"Word-size, e.g., 16 bit.",
ite-real,ite-q02,7,7,"If a CPU sits in one physical socket, where there is 4 CPU cores in that socket, and CPU can run 4 threads per core, then how many physical and logical CPU cores are there?",Introduction to Engineering/IT,ite-q02,a,easy,os_ite_inferred_score_key,wrong_rate=0.101; n=296; key inferred exactly from total scores,16 logical and 4 physical,4 logical and 4 physical,4 logical and 16 physical,2 logical and 2 physical,4 logical and 2 physical,16 logical and 16 physical
ite-real,ite-q02,8,8,What information is stored in the CPU cache?,Introduction to Engineering/IT,ite-q02,a,medium,os_ite_inferred_score_key,wrong_rate=0.480; n=296; key inferred exactly from total scores,"Data, instructions, and addressing information",Data and instructions,Instructions,Data,,
ite-real,ite-q02,9,9,What is the content of the PC (Program Counter) CPU register?,Introduction to Engineering/IT,ite-q02,a,easy,os_ite_inferred_score_key,wrong_rate=0.030; n=296; key inferred exactly from total scores,Contains the address of the next instruction to be executed,Contains variables,Contains the IPv4 address of the computer,Contains the address of the segment table.,,
ite-real,ite-q02,10,10,Which of the following reduces the CPU lifetime?,Introduction to Engineering/IT,ite-q02,a,easy,os_ite_inferred_score_key,wrong_rate=0.034; n=296; key inferred exactly from total scores,"Increase the CPU clock frequency (a.k.a., overclocking)",Use larger word-size,Run multiple threads at the same time,Run multiple programs at the same time,Use clean and operational cpu fan,
ite-real,ite-q03,11,1,Which of the following is a general-purpose register?,Introduction to Engineering/IT,ite-q03,a,easy,os_ite_inferred_score_key,wrong_rate=0.020; n=294; key inferred exactly from total scores,The accumulator AX,The memory address register MAR,The base pointer BP,The memory data register MDR,The stack pointer SP,The instruction pointer IP
ite-real,ite-q03,12,2,"Consider a CISC processor, which of the following is not true?",Introduction to Engineering/IT,ite-q03,a,easy,os_ite_inferred_score_key,wrong_rate=0.061; n=294; key inferred exactly from total scores,It generally consumes less power than other architecture of processors,CISC processor generates more heat that other processors.,It is easier to write BIOS code using CISC instruction set.,"Instructions are complex, i.e., executing one instruction would execute multiple sub-instructions",,
ite-real,ite-q03,13,3,Which of the following is not a special-purpose processing unit?,Introduction to Engineering/IT,ite-q03,a,easy,os_ite_inferred_score_key,wrong_rate=0.017; n=294; key inferred exactly from total scores,Central processing unit,Digital signal processing unit,Tensor processing unit,Network processing unit,Graphical processing unit,
ite-real,ite-q03,14,4,The following CISC x-86 assembly code is to be run on an Intel 8086 microprocessor. It crashes when executed. At which instruction address does it crash?,Introduction to Engineering/IT,ite-q03,a,hard,os_ite_inferred_score_key,wrong_rate=0.687; n=294; key inferred exactly from total scores,[0xE412A],[0xE4128],[0xE4127],Does not crash,[0xE412B],[0xE4129]
ite-real,ite-q03,15,5,Which storage technology is used in central memory RAM?,Introduction to Engineering/IT,ite-q03,a,easy,os_ite_inferred_score_key,wrong_rate=0.010; n=294; key inferred exactly from total scores,Electrical technology,Optical technology,Magnetic technology,,,
ite-real,ite-q03,16,6,"Consider the following assembly program to be executed on an Intel 8086 16-bit microprocessor. Assuming that one single instruction (e.g., MOV Ax, 0x0001) requires one single clock cycle, how many clock cycles are needed to complete the execution of the program.",Introduction to Engineering/IT,ite-q03,a,medium,os_ite_inferred_score_key,wrong_rate=0.429; n=294; key inferred exactly from total scores,23,22,19,21,24,20
ite-real,ite-q03,17,7,"Which among the following CPU generation requires on average, 3 to 4 clock cycles to execute a single instruction like MOV AX, BX?",Introduction to Engineering/IT,ite-q03,a,easy,os_ite_inferred_score_key,wrong_rate=0.160; n=294; key inferred exactly from total scores,Sequential CPUs,Pipelined CPUs,Superscalar CPUs,Special CPUs,,
ite-real,ite-q03,18,8,Which among the following CPU registers is generally used to store the index of a loop in a program?,Introduction to Engineering/IT,ite-q03,a,easy,os_ite_inferred_score_key,wrong_rate=0.048; n=294; key inferred exactly from total scores,CX register,FLAGS register,IP register,,,
ite-real,ite-q03,19,9,Which among the following is not a feature of RAM?,Introduction to Engineering/IT,ite-q03,a,easy,os_ite_inferred_score_key,wrong_rate=0.027; n=294; key inferred exactly from total scores,Number of transistors in the circuit,Latency,Frequency,Data rate,,
ite-real,ite-q03,20,10,"One of your classmates developed a C++ program to compute the sum of two numbers A=5 and B=10. They have used a compiler to compile the code into the following assembly code. By skimming the code, on which type of CPU was the program complied on?",Introduction to Engineering/IT,ite-q03,a,easy,os_ite_inferred_score_key,wrong_rate=0.201; n=294; key inferred exactly from total scores,64-bit RSIC processor,32-bit RISC processor,64-bit CISC processor,32-bit CISC processor,,
ite-real,ite-q07,21,1,"Assume you have bought a new Bluetooth USB dongle to wirelessly transfer some files from you PC to your smartphone. Which software component should be added to your operating system, so that the latter (OS) recognizes any input or malfunction from the dongle?",Introduction to Engineering/IT,ite-q07,a,easy,os_ite_inferred_score_key,wrong_rate=0.070; n=286; key inferred exactly from total scores,Driver,Networking module,Interrupt handling module,File system,,
ite-real,ite-q07,22,2,Select the correct statement. On modern computer systems with 5TB hard disk:,Introduction to Engineering/IT,ite-q07,a,easy,os_ite_inferred_score_key,wrong_rate=0.234; n=286; key inferred exactly from total scores,The kernel is loaded by the bootstrap loader. The latter is loaded by the UEFI.,The kernel is loaded by the bootstrap loader. The latter is loaded by the BIOS.,The kernel is loaded by the UEFI. The latter is loaded by the bootstrap loader.,The kernel is loaded by the BIOS. The latter is loaded by the bootstrap loader.,,
ite-real,ite-q07,23,3,Which among the following operating systems implements multi-tasking?,Introduction to Engineering/IT,ite-q07,a,easy,os_ite_inferred_score_key,wrong_rate=0.035; n=286; key inferred exactly from total scores,GNU/Linux Mandriva,Atari TOS (Tramiel Operating System),MS-DOS,,,
ite-real,ite-q07,24,4,You developed a smart radar system to help law enforcement detect and spot road traffic violations. The radar runs an operating system letting law enforcement to interact with it through a user-friendly GUI. Which type of operating system do you think you will use for this intelligent system?,Introduction to Engineering/IT,ite-q07,a,easy,os_ite_inferred_score_key,wrong_rate=0.059; n=286; key inferred exactly from total scores,Embedded operating system,Network operating system,Unreal-time operating system,Desktop and PCs operating system,"Network operating system, Embedded operating system",Firmware
ite-real,ite-q07,25,5,"When a computer starts, the first group of computer instructions that are executed belong to?",Introduction to Engineering/IT,ite-q07,a,medium,os_ite_inferred_score_key,wrong_rate=0.308; n=286; key inferred exactly from total scores,Bios,Bootstrap loader,Kernel,,,
ite-real,ite-q07,26,6,Which characteristic of a network defines the rules and conventions to use and exploit the network as it was intended to be exploited when designed?,Introduction to Engineering/IT,ite-q07,a,easy,os_ite_inferred_score_key,wrong_rate=0.024; n=286; key inferred exactly from total scores,Protocol,Safety,Manageability,Reliability,,
ite-real,ite-q07,27,7,What is the size of a packet that was transmitted in 12.8 milliseconds at 200Mbps ?,Introduction to Engineering/IT,ite-q07,a,medium,os_ite_inferred_score_key,wrong_rate=0.416; n=286; key inferred exactly from total scores,320 KB,312KB,256KB,40KB,100KB,
ite-real,ite-q07,28,8,"What would be the data rate of a network card connected to a network using a cable with 100Mbps bandwidth, so that the computer does not constitute a bottleneck ?",Introduction to Engineering/IT,ite-q07,a,medium,os_ite_inferred_score_key,wrong_rate=0.580; n=286; key inferred exactly from total scores,More than or equal to 100Mbps,Less than or equal to 100Mbps,Equal to 100Mbps,More than 100Mbps,Less than 100Mbps,
ite-real,ite-q07,29,9,Which among the following addresses is part of the identity of a point-to-point communication?,Introduction to Engineering/IT,ite-q07,a,medium,os_ite_inferred_score_key,wrong_rate=0.381; n=286; key inferred exactly from total scores,MAC address,IPv4 address,Network address,URL (Uniform Resource Locator),Network mask,
ite-real,ite-q07,30,10,"Consider an application, e.g., Google Chrome, running on a computer located in ENSIA, and communicating with a remote service running on computer in Japan. Which among the following information is not needed by ENSIA's computer to send packets to the computer in Japan?",Introduction to Engineering/IT,ite-q07,a,easy,os_ite_inferred_score_key,wrong_rate=0.098; n=286; key inferred exactly from total scores,MAC address of the computer in Japan,IPv6 address of the computer in Japan,The Japanese computer is up and running,The Japanese computer provides a service (so it is a kind of server),IPv4 address of the computer in Japan,The communication port on which the Japanese service listen on
ite-real,ite-q09,31,1,"Which among these is not a classic web search engine, in the sense, performs crawling, indexing, and ranking?",Introduction to Engineering/IT,ite-q09,a,easy,os_ite_inferred_score_key,wrong_rate=0.059; n=256; key inferred exactly from total scores,Metacrawler,Webcrawler,Google search engine,Yahoo search,Lycos,
ite-real,ite-q09,32,2,"Among the following, which search engine is known for its PageRank algorithm, a system for ranking web pages based on their importance and relevance, and is widely used for web search?",Introduction to Engineering/IT,ite-q09,a,easy,os_ite_inferred_score_key,wrong_rate=0.012; n=256; key inferred exactly from total scores,Google search engine,DuckDuckGo,MS Bing,,,
ite-real,ite-q09,33,3,"Which search engine, developed by a company known for its AI expertise, uses a proprietary ranking algorithm called ""BERT"" to understand the context of words in search queries and provide more relevant results?",Introduction to Engineering/IT,ite-q09,a,easy,os_ite_inferred_score_key,wrong_rate=0.031; n=256; key inferred exactly from total scores,Google search engine,You,DuckDuckGo,MS Bing,Metacrawler,
ite-real,ite-q09,34,4,"Which search engine, known for its privacy-focused approach and lack of personalized search results, emphasizes user privacy by not tracking or storing user information?",Introduction to Engineering/IT,ite-q09,a,easy,os_ite_inferred_score_key,wrong_rate=0.023; n=256; key inferred exactly from total scores,DuckDuckGo,Google search engine,Baidu,,,
ite-real,ite-q09,35,5,Which of the following HTTP status codes indicates that the server did not find the requested resource. It's a standard response for a missing webpage or resource?,Introduction to Engineering/IT,ite-q09,a,easy,os_ite_inferred_score_key,wrong_rate=0.008; n=256; key inferred exactly from total scores,404 Not Found,503 Service Unavailable,,,,
ite-real,ite-q09,36,6,Which of the following HTTP status codes indicates that the server is not ready to handle the request. Common reasons include the server being overloaded or undergoing maintenance?,Introduction to Engineering/IT,ite-q09,a,easy,os_ite_inferred_score_key,wrong_rate=0.023; n=256; key inferred exactly from total scores,503 Service Unavailable,304 Not Modified,404 Not Found,202 Accepted,,
ite-real,ite-q09,37,7,"When browsing websites, you might have noticed messages like ""This website uses cookies."" What is the primary purpose of these cookies on websites?",Introduction to Engineering/IT,ite-q09,a,easy,os_ite_inferred_score_key,wrong_rate=0.016; n=256; key inferred exactly from total scores,To track and store user preferences for a personalized experience.,To speed up the loading time of web pages.,To bake virtual cookies for the website's visitors.,To enhance the website's design and aesthetics.,,
ite-real,ite-q09,38,8,"When a website displays a message asking for your consent to use cookies, what legal principle or regulation is it likely complying with?",Introduction to Engineering/IT,ite-q09,a,easy,os_ite_inferred_score_key,wrong_rate=0.035; n=256; key inferred exactly from total scores,GDPR (General Data Protection Regulation),Internet Privacy Accord,Cybersecurity Act,Cookie Manifesto,Sweet Treats Compliance Directive,
ite-real,ite-q09,39,9,"What key improvement differentiates Web 2.0 from its predecessor, Web 1.0?",Introduction to Engineering/IT,ite-q09,a,easy,os_ite_inferred_score_key,wrong_rate=0.059; n=256; key inferred exactly from total scores,Transition from static to dynamic web pages,Introduction of social media platforms,Integration of virtual reality into web experiences,Implementation of the HTML5 standard,,
ite-real,ite-q09,40,10,Which statement is correct?,Introduction to Engineering/IT,ite-q09,a,easy,os_ite_inferred_score_key,wrong_rate=0.047; n=256; key inferred exactly from total scores,The web is part of Internet,The web is the Internet,The web is a website,The internet is part of the web,The web is the a computer network,The internet is the web
ite-real,ite-q10,41,1,Which wireless technology allows people to automatically identify and track objects? The technology is used in highways toll collection to reduce vehicles waiting time.,Introduction to Engineering/IT,ite-q10,a,easy,os_ite_inferred_score_key,wrong_rate=0.026; n=266; key inferred exactly from total scores,RFID,Satellite constellation,Wi-Fi,Bluetooth,Infra-red,
ite-real,ite-q10,42,2,Which wireless technology is de facto used to implement WPANs. The technology used multiple frequency channels during a communication?,Introduction to Engineering/IT,ite-q10,a,easy,os_ite_inferred_score_key,wrong_rate=0.071; n=266; key inferred exactly from total scores,Bluetooth,Wi-Fi,ZigBee,Lora,RFID,
ite-real,ite-q10,43,3,"Among the following devices, which one can read MAC addresses and IP addresses, and uses a data structure to determine where a packet should be directed in a network?",Introduction to Engineering/IT,ite-q10,a,easy,os_ite_inferred_score_key,wrong_rate=0.041; n=266; key inferred exactly from total scores,Router,Classical switch,Modem,Access point,,
ite-real,ite-q10,44,4,"Among the following devices, which one can be used to access a Wi-Fi network and obtain an IP address dynamically from that device DHCP server?",Introduction to Engineering/IT,ite-q10,a,easy,os_ite_inferred_score_key,wrong_rate=0.244; n=266; key inferred exactly from total scores,Wireless router,Access point,Router,Modem,Classical switch,
ite-real,ite-q10,45,5,Which among the following protocols allows the automatic construction of routing tables?,Introduction to Engineering/IT,ite-q10,a,easy,os_ite_inferred_score_key,wrong_rate=0.083; n=266; key inferred exactly from total scores,OSPF,RIPv5,DNS,IP,Telnet,Kerberos
ite-real,ite-q10,46,6,Consider the following network infrastructure. Which device is appropriate to connect in the location of the cloud XXXXXXXX?,Introduction to Engineering/IT,ite-q10,a,hard,os_ite_inferred_score_key,wrong_rate=0.793; n=266; key inferred exactly from total scores,Switch,Router,Gateway,Repeater,Wireless access point,Forward proxy
ite-real,ite-q10,47,7,Consider the following network infrastructure. Which device is appropriate to connect in the location of the cloud XXXXXXXX?,Introduction to Engineering/IT,ite-q10,a,medium,os_ite_inferred_score_key,wrong_rate=0.312; n=266; key inferred exactly from total scores,Router,Gateway,Switch,Wireless access point,Repeater,Reverse proxy
ite-real,ite-q10,48,8,"Consider the following network infrastructure. Being in Router B555. What will be the IP address of the next hop, if some packets were to be sent to computer 192.168.1.2?",Introduction to Engineering/IT,ite-q10,a,medium,os_ite_inferred_score_key,wrong_rate=0.511; n=266; key inferred exactly from total scores,192.168.6.2,192.168.5.1,192.168.6.1,192.168.5.2,192.168.2.0,192.168.7.2
ite-real,ite-q10,49,9,"Consider the following network infrastructure. Being in Router D555. What will be the IP address of the next hop, if some packets were to be sent to computer 192.168.1.6?",Introduction to Engineering/IT,ite-q10,a,medium,os_ite_inferred_score_key,wrong_rate=0.481; n=266; key inferred exactly from total scores,192.168.5.1,192.168.5.2,192.168.6.2,192.168.6.1,192.168.7.1,192.168.7.2
ite-real,ite-q10,50,10,"In a routing table, a router detains the IP address of possible next hops. When a packet is received, the router determine which entry in the routing table should be applied. Given a selected entry, what will be the use of the IP address of the next hop, in the context of routing that packet?",Introduction to Engineering/IT,ite-q10,a,medium,os_ite_inferred_score_key,wrong_rate=0.541; n=266; key inferred exactly from total scores,So that the router finds out the MAC address of that next hop.,"So that the packet is sent to the next hop, which is the right direction.",So that the router can communicate with the next hop.,So that we can identify the network address.,,
ite-real,ite-q08,51,1,"Which protocols are used to browse a secure websites, e.g., https://www.amazon.de/?",Introduction to Engineering/IT,ite-q08,a,easy,os_ite_inferred_score_key,wrong_rate=0.247; n=288; key inferred exactly from total scores,HTTP + TLS + TCP + IP + Ethertnet,HTTPS + IP + Ethernet,HTTP + TCP + IP + Ethernet,HTTP + HTTPS + IP + HDLC,FTP + UDP + IP + FDDI,
ite-real,ite-q08,52,2,Which protocol is used to automatically assign IPv4 addresses to the computers trying to join a local network?,Introduction to Engineering/IT,ite-q08,a,easy,os_ite_inferred_score_key,wrong_rate=0.024; n=288; key inferred exactly from total scores,DHCP,DNS,DHCPv6,HDLC,,
ite-real,ite-q08,53,3,Which protocol is used to retrieve emails from a mail server while synchronizing all mail client devices to read the same content from the server?,Introduction to Engineering/IT,ite-q08,a,easy,os_ite_inferred_score_key,wrong_rate=0.042; n=288; key inferred exactly from total scores,IMAP over TCP,POP3 over TCP,SMTP over TCP,SMTPS over TCP,IMAP over UDP,POP over UDP
ite-real,ite-q08,54,4,Which protocol allows your computer to finish constructing IP packets to be sent to a web-server for which you typed on your browser https://marw.dz/?,Introduction to Engineering/IT,ite-q08,a,hard,os_ite_inferred_score_key,wrong_rate=0.837; n=288; key inferred exactly from total scores,DNS,TCP,HTTPS,IP,HTTP,SSH
ite-real,ite-q08,55,5,The functions of the TCP protocol are very important for to establish end-to-end communication. They are  implemented in the OS's networking module. Which among the following is handled by TCP?,Introduction to Engineering/IT,ite-q08,a,easy,os_ite_inferred_score_key,wrong_rate=0.083; n=288; key inferred exactly from total scores,Communication port numbers,IP addresses,MAC addresses,TTL,Preamble,Encryption
ite-real,ite-q08,56,6,"Consider the following network topology, where eight routers are connected together using point-to-point links. Looking at Router 5, what is the IPv4 address of the next hop, if the router wanted to reach network 12.0.0.0, assuming that Router 5's table keeps only the shortest path to a given destination?",Introduction to Engineering/IT,ite-q08,a,medium,os_ite_inferred_score_key,wrong_rate=0.417; n=288; key inferred exactly from total scores,13.0.0.1,13.0.0.3,13.0.0.2,16.0.0.3,16.0.0.1,13.0.0.4
ite-real,ite-q08,57,7,"When ping command is used to send an echo request message to a remote device, the DNS protocol is always used?",Introduction to Engineering/IT,ite-q08,a,easy,os_ite_inferred_score_key,wrong_rate=0.021; n=288; key inferred exactly from total scores,False,True,,,,
ite-real,ite-q08,58,8,"The expression ""https://www.runensiaway.dz"" is called the domain name?",Introduction to Engineering/IT,ite-q08,a,easy,os_ite_inferred_score_key,wrong_rate=0.229; n=288; key inferred exactly from total scores,False,True,,,,
ite-real,ite-q08,59,9,Which among the following is a correct order that may happen during encapsulation?,Introduction to Engineering/IT,ite-q08,a,hard,os_ite_inferred_score_key,wrong_rate=0.788; n=288; key inferred exactly from total scores,HTTP > SSL > TCP > IP > IPSec > Ethernet,HTTP > TCP > TLS > IP > Ethernet >,HTTP > TLS > TCP > Ethernet > IP,HTTP > TCP > TLS > Ethernet > IP,HTTP > SSL > TCP > Ethernet > IP,
ite-real,ite-q249,60,1,"In modern computers, the task of operators and punchcards had been replaced by:",Introduction to Engineering/IT,ite-q249,a,medium,os_ite_inferred_score_key,wrong_rate=0.368; n=285; key inferred exactly from total scores,Operating System,Programs,Electronic circuits,Central memory,System bus,
ite-real,ite-q249,61,2,"In modern supercomputers, which performance measuring unit do we use?",Introduction to Engineering/IT,ite-q249,a,easy,os_ite_inferred_score_key,wrong_rate=0.018; n=285; key inferred exactly from total scores,Floating Point Operations Per Second,Million of CPU Cycles Per Second,Million of Instruction Per Second,Millions of Instructions Per Clock Cycle,Millions of Qubits Per Second,
ite-real,ite-q249,62,3,"Which among these circuit boards, does not contain a microcontroller?",Introduction to Engineering/IT,ite-q249,a,medium,os_ite_inferred_score_key,wrong_rate=0.351; n=285; key inferred exactly from total scores,Raspberry Pi SBC,CrossBow MicaZ mote,TelosB mote,Arduino Mega board,STM32 Nucleo board,
ite-real,ite-q249,63,4,Which among the following was not among the main reasons that pushed toward the development of operating systems?,Introduction to Engineering/IT,ite-q249,a,easy,os_ite_inferred_score_key,wrong_rate=0.098; n=285; key inferred exactly from total scores,Desire for a graphical user interface,Struggling to write programs for one-off computers,Replace punchcard programs' operator task,Running multiple programs,Automatic scheduling of the execution of programs,
ite-real,ite-q249,64,5,Which among the following is not an application software?,Introduction to Engineering/IT,ite-q249,a,easy,os_ite_inferred_score_key,wrong_rate=0.123; n=285; key inferred exactly from total scores,TinyOS,Wireshark,CubicSDR,Notepad,Google chrome browser,
ite-real,ite-q249,65,6,Which among the following is not a system software?,Introduction to Engineering/IT,ite-q249,a,medium,os_ite_inferred_score_key,wrong_rate=0.344; n=285; key inferred exactly from total scores,MySQL database management system,Linux Menth,TinyOS,BIOS,UEFI,GNU/Linux Kali
ite-real,ite-q249,66,7,Which among the following is neither a system software nor an application software?,Introduction to Engineering/IT,ite-q249,a,easy,os_ite_inferred_score_key,wrong_rate=0.130; n=285; key inferred exactly from total scores,WanaCry,Java Virtual Environment,BIOS,"Virtualization software, e.g., VMware, UTM, and VirtualBox.",MySQL database management system,MS-DOS
ite-real,ite-q249,67,8,Which among the following is loaded into the memory and linked during the execution of the program that invoked it?,Introduction to Engineering/IT,ite-q249,a,easy,os_ite_inferred_score_key,wrong_rate=0.042; n=285; key inferred exactly from total scores,Dynamic library,A process,Static library,A procedure,A function,
ite-real,ite-q249,68,9,"Assume I have a program that calls on a huge library, let us say, libcomputing. If I am 100% sure that my program will call the library,  and that the library will only be used by my program, then which approach would be more performant?",Introduction to Engineering/IT,ite-q249,a,easy,os_ite_inferred_score_key,wrong_rate=0.056; n=285; key inferred exactly from total scores,Using the library as a static library,Using the library as static and dynamic in the same time.,Using the library as a dynamic library,,,
ite-real,ite-q249,69,10,"Which type of software can be developed to run at the system level, application level, and even hardware level?",Introduction to Engineering/IT,ite-q249,a,hard,os_ite_inferred_score_key,wrong_rate=0.814; n=285; key inferred exactly from total scores,Malware,System software,Firmware,Middleware,Application software,
ite-real,ite-q982,70,1,During which stage of the software development lifecycle do we validate the software,Introduction to Engineering/IT,ite-q982,a,easy,os_ite_inferred_score_key,wrong_rate=0.100; n=290; key inferred exactly from total scores,Testing,Integration and Deployment,Requirement Analysis,Maintenance and Support,,
ite-real,ite-q982,71,2,Which among the following licenses is not used by open-source software,Introduction to Engineering/IT,ite-q982,a,easy,os_ite_inferred_score_key,wrong_rate=0.059; n=290; key inferred exactly from total scores,Creative Commons NoDerivs,Common Development and Distribution License,Affero General Public License,Lesser General Public License,GNU General Public License,
ite-real,ite-q982,72,3,What is a key characteristic of software released under a copyleft license?,Introduction to Engineering/IT,ite-q982,a,easy,os_ite_inferred_score_key,wrong_rate=0.052; n=290; key inferred exactly from total scores,Requires that any modifications or derivative works are also distributed under the same copyleft license.,Allows for proprietary modifications without restriction.,Automatically grants exclusive rights to the copyright holder without any usage restrictions.,"Prohibits any form of distribution, even for non-commercial purposes.",Permits distribution under any license chosen by the distributor.,Mandates that modifications can only be made by the original author.
ite-real,ite-q982,73,4,Which among the following is considered ethical when using software?,Introduction to Engineering/IT,ite-q982,a,easy,os_ite_inferred_score_key,wrong_rate=0.034; n=290; key inferred exactly from total scores,Evaluating software using trial versions or demo versions provided by the software vendors,Reverse engineering a software for commercial gain,Sharing information about software vulnerabilities (exploits) without responsible disclosure to the software vendor,Downloading and using a cracked version of software,Copying and using code from others without giving proper credit during an SDLC,Violating some terms of use stated in the software license agreement.
ite-real,ite-q982,74,5,"Which module of the operating system is responsible for creating, executing, and terminating the execution of processes?",Introduction to Engineering/IT,ite-q982,a,easy,os_ite_inferred_score_key,wrong_rate=0.024; n=290; key inferred exactly from total scores,Process management,Interrupt handling module,The Shell,File system module,Security management module,Memory managment
ite-real,ite-q982,75,6,"Which module of the operating system takes action when an executing program requests the display of a message ""Hello"" on the monitor?",Introduction to Engineering/IT,ite-q982,a,hard,os_ite_inferred_score_key,wrong_rate=0.669; n=290; key inferred exactly from total scores,Interrupt handling module,The Shell,Process management,File system module,Memory managment,Security management module
ite-real,ite-q982,76,7,"Which module of the operating system is responsible for organizing the storage of your different types of files in your system, including the operating system?",Introduction to Engineering/IT,ite-q982,a,easy,os_ite_inferred_score_key,wrong_rate=0.090; n=290; key inferred exactly from total scores,File system module,Memory managment,The Shell,Interrupt handling module,,
ite-real,ite-q982,77,8,Which among the following file systems is not OSS?,Introduction to Engineering/IT,ite-q982,a,easy,os_ite_inferred_score_key,wrong_rate=0.159; n=290; key inferred exactly from total scores,File Allocation Table 32 (FAT32),Z File System (ZFS),ReiserFS,Flash-Friendly File System (F2FS),B-tree File System (Btrfs),Fourth Extended File system (EXT4)
ite-real,ite-q982,78,9,Which among the following is not an operating system?,Introduction to Engineering/IT,ite-q982,a,medium,os_ite_inferred_score_key,wrong_rate=0.428; n=290; key inferred exactly from total scores,Linux 2.6,MS-DOS,GNU/Linux Ubuntu,MS Windows XP,Android 10,
ite-real,ite-q982,79,10,Which of the following is a core principle of open-source operating systems?,Introduction to Engineering/IT,ite-q982,a,easy,os_ite_inferred_score_key,wrong_rate=0.038; n=290; key inferred exactly from total scores,"Freedom to view, modify, and distribute source code",Vendor lock-in restrictions,All of the above,Closed-source development,Collaborative development,"Freedom to view, modify, use, and distribute source code of the software"
