identifier,Group,Exam / 20,Midterm / 20,Project / 20,Appreciation / 3,Attendance / 2
8JOElN1piVew,F,12.25,11.5,13.5,1,1
QJccKPT4nu7V,A,10.25,11.5,17.125,3,1.5
lOuE9tkR89Pk,B,7.5,8.75,8.5,1,1
SOvsRqc7VPKI,C,9.5,7,15.25,1.5,2
a9ej6jzpNOPn,D,10.25,12.5,16.375,2.7,1
AG7urKue7Fzv,B,7.5,11.75,17.25,3,2
SpYR1zyITLDq,F,0,,,,
RgOok5VSXUfp,A,0,,,,
B0dezLVzpGHZ,C,11,15.75,16,2,1
hpYESXQ1czwb,C,6.5,11,14,1.5,2
R8OVhINU7nka,E,13,15,15.75,1.5,2
YA6aMV1xcGv9,F,8.25,8,12.5,2,2
6k8WibIW0Img,A,9.75,12,16.375,2,2
Kji96af6kzzA,D,7.5,9.25,8.5,2.2,0
jxlFWYs7WyTt,D,10.25,9.25,13.5,1.5,0
bWRj9XHmvXaq,F,14.5,17.5,17,3,2
jkDHRLkdOO06,A,11.5,13,16.25,3,2
By0gyab68WPW,B,13.25,14.75,16,2,2
QJyEL3O7YA2f,D,8.25,10.5,14,3,1.5
bUBpyoQOQ4Ov,D,7.25,5.75,14.375,2.7,0
aKKO0pyKuBaK,E,13,16.75,16.25,2.2,2
I93EMGZEU4vI,D,11.75,9.25,16.875,2.85,2
pMrOo2QfC0Kp,B,10.75,10.75,11.375,3,1
BOOMKrcykzvF,D,9,9,16,3,2
cn7NB6JfQDTq,E,9.75,13.5,14,3,2
Mr0bz3y2IHmW,C,8.25,8.25,11.75,1.5,2
e35NZ2cItyz9,A,8,8.25,16,2.5,2
w1PmKgj9FomZ,C,11.75,13.75,15.75,2.2,2
7VpB1pGsv71N,E,9.25,6.75,16,1.5,2
OLMmduueQtv7,F,13,15,15.25,2,2
BJE8NOUNFGYz,A,15,12.25,16.375,2.5,2
GiEhMndZmOa5,B,12.75,17.5,17.25,2,2
wLeCyVvKyFT8,C,13.75,16.75,18.375,2.5,2
m8rfSXHUenxh,D,10.5,10.25,8.5,2,1
aeQlX5jbZHXw,E,8.5,11.75,16.375,2,1
W0EkQhrkI3an,F,13,10,13,1,2
Za018kn2raFk,A,8.25,13.25,16.375,3,1.5
WZiibWz2DWRQ,B,9.75,14.25,15.25,1,1
0Hpj01paAdfZ,C,11.75,11.25,15.75,2.2,2
nojDz9QSjRLy,D,10.5,6.5,8.5,2.2,0
WNh0afD7QG4d,E,12,10.75,15.75,2.2,0
gjTrfUwE0QPd,A,0,,,,
RjR3B2X554Pn,C,12.5,16,15.75,2.5,2
C6BcTLw4mOKQ,D,10.5,7.75,15.25,2.85,1
VTLAbK1PHg7B,E,9,10.75,14.25,2,1.5
kfwxRJXSzs3o,F,6,6.75,14,1,1
CprL2LITeTET,A,11.25,10.75,16.375,3,2
wlfxRfJtBw5L,B,12.5,13.25,11.375,1,1
Mcvs7l2qNfTq,F,0,9,0,0,0
zeQInY6w8eBY,D,12.5,9,16.375,2.7,1.5
tE1MOwmVibN4,E,13.25,11.5,16.25,2,2
7VLP2mvnxjRS,F,17.5,16.75,17,3,2
AQklHbi5bt8l,A,14.5,15.25,16.375,3,2
yKhvr1tKGpJF,B,9.25,12.75,16,3,2
xlLz8YVMGkvs,C,7.5,10.75,11.75,2,2
ROaS3EN46XLy,D,11.25,7.5,16.375,2.85,1.5
Q7dfzHYyXvOT,E,8.5,13.75,14,1.5,1.5
m7l9wOWJlnvS,F,16.5,15.75,16.25,3,2
0rzpTGhVxVJU,B,8,11.75,16.75,1,2
SpXSTCkMzPni,E,9.75,9.25,15.75,1.5,2
tZNKhSZpzqOT,F,6,10.5,13,1,2
xPRdKA5UBNGM,A,3.25,9,16,2.5,2
AgiWXtLnmm9y,B,11.5,12.5,11.375,3,1
9eci54foOGc9,C,11,12.25,14,2,2
Lo0o6MK08TyI,D,12.5,11.25,12,2.4,2
OHaSXzUdzChO,E,10.5,10.5,15.75,2,2
vqNkppoZuHFA,F,15,11.25,14,1,1
DI3Mqi034afd,A,12.25,10.25,16,2.75,2
N0qYmYE8QD78,B,14.25,17.75,17,2,2
oVyzGGgOFu4f,B,11.5,7,17.25,2,2
BSLGp0wdoAqj,D,10,12.5,13.5,1.5,0
KNvidOVZPDzA,E,9.25,9.25,16.25,1.5,2
Oc5QucHDsmjC,F,9.5,10,12.5,1,2
ynjK3wP1cV18,A,10.75,14.75,17.125,3,2
oXHAAQD8R9lF,B,14,12,15.25,3,2
sCNAQlTJzusQ,C,14,9.25,14.375,1.5,2
xOKhxIy4WoKi,D,9.5,13.25,16.875,2.85,2
jMkOnTydcqm6,E,12.25,10.25,13.5,2,1
HDHPHpQGlRLt,F,10.75,12.75,11.75,1,2
d5279GvwAinX,A,10.75,5.25,12,1.5,1
RZdtks4i4HNy,C,10,13.75,15.75,2.2,2
VqXqgB6ructd,E,15,16,14.25,3,2
X0HFePMCkBsP,D,13.5,13.25,12,3,2
QblvTIly9IZU,F,15.5,13,14,2,2
dF0r7wVjsLSV,A,7,14.75,17.125,2.5,2
VgoqnXYkjUhL,F,8.5,9,12.5,2,2
sg62FVLFX6BW,D,5.25,7.5,16.875,3,1.5
y9lkze6lHiAa,E,9.25,9.25,17,2.2,2
1tnkUsBnGX2u,F,11,15.75,16.75,2,2
nIdSwhLzwJKt,A,11.5,9.25,17.125,3,2
E9vMd75UB2be,B,12.5,15.5,15.25,2,2
oF1pjrJTOBWB,C,9,9.5,18.375,2,1
iZblYCxqwouC,B,10.75,13,11.375,2,1
eH9XZKUjDCDF,E,13.5,12,16.375,1.75,2
No1fcFHRlYfg,A,11,8.5,17.125,2.75,1.5
9xt9EeOQtcXZ,B,15,14.75,17.25,3,2
5WCMaHHFn6WV,C,10.75,9.5,15.75,2,2
unl1KIo3da0k,E,0,,,,
P76XnTmOjZzU,B,10.25,9.75,16.25,3,2
St7VKJfT2MTq,C,16.75,12.75,17,3,1
BhvtwuIg7wvF,D,9.25,7.25,16.875,3,2
k4QQVURTfMls,F,10,7.25,13,1,2
KwlNeadgH2OL,A,13.5,12.5,15.25,3,1.5
PgdsGKsedBAl,E,13.5,13.5,14.25,2.75,2
pJCSXvZHMyH1,C,3.5,13.75,14,1.5,2
vgAkx62M3oPn,E,17.5,15,17,3,2
GiNOB0aoa84q,F,11.75,14.25,14.25,2,2
AwYMPKmPfMTD,A,0,7,0,,
CyGywfdJf5VZ,C,9,10.75,16.25,2,1.5
Ui0yLwC2YxnT,D,8.25,9.5,8.5,1.75,1.5
2AQDG30NeIzY,E,11.5,13.25,14.25,2.5,2
TYE4dgTYGdCn,F,7.75,8.5,14,1,1
32nLuB1xqIO4,B,13.25,10.25,15.25,2,2
pS17HUA271Nx,C,10.25,12.5,18.375,1.75,2
nWRIo9XQJBPf,F,13.5,15,16.75,3,
cCanr1FJP4WP,A,14.75,16.5,16.25,3,2
r5xiR4T4onQf,B,13.5,14,15.25,3,2
o2VbFpgtLwG2,C,9.5,11,11.75,1.75,2
tmTN8RB25aRn,D,11.5,7.25,14.375,2.85,2
1ggBjCxnkaT8,E,12,13.75,16.25,1.5,1.5
ylh73EEFQ8CD,D,12,15,16.875,3,2
RM55e8d3Jbjm,A,4,12.5,16.75,2,2
IWu147zvpRWb,E,13.75,12.25,16.25,2,1.5
xbNryveuRsXc,C,18.5,16,18.375,3,0
